id,imdb_id,title,original_title,release_year,release_date,runtime_minutes,genres,production_companies,production_countries,spoken_languages,belongs_to_collection,popularity,vote_average,vote_count,weighted_rating,budget,revenue,overview,tagline,status,original_language,adult,video,keywords,has_mpst_synopsis
12,tt0266543,Finding Nemo,Finding Nemo,2003,2003-05-30,100.0,"[""Animation"",""Family""]","[""Pixar Animation Studios""]","[""United States of America""]","[""English""]",Finding Nemo Collection,25.497794,7.6,6292,7.5362,94000000,940335536,"Nemo, an adventurous young clownfish, is unexpectedly taken from his Great Barrier Reef home to a dentist's office aquarium. It's up to his worrisome father Marlin and a friendly but forgetful fish Dory to bring Nemo home -- meeting vegetarian sharks, surfer dude turtles, hypnotic jellyfish, hungry seagulls, and more along the way.",There are 3.7 trillion fish in the ocean. They're looking for one.,Released,en,False,False,"[""father son relationship"",""harbor"",""underwater"",""fish tank"",""great barrier reef"",""missing child"",""aftercreditsstinger"",""duringcreditsstinger"",""short term memory loss"",""clownfish"",""father son reunion"",""protective father""]",True
22,tt0325980,Pirates of the Caribbean: The Curse of the Black Pearl,Pirates of the Caribbean: The Curse of the Black Pearl,2003,2003-07-09,143.0,"[""Adventure"",""Fantasy"",""Action""]","[""Walt Disney Pictures"",""Jerry Bruckheimer Films""]","[""United States of America""]","[""English""]",Pirates of the Caribbean Collection,47.326665,7.5,7191,7.4479,140000000,655011224,"Jack Sparrow, a freewheeling 17th-century pirate who roams the Caribbean Sea, butts heads with a rival pirate bent on pillaging the village of Port Royal. When the governor's daughter is kidnapped, Sparrow decides to help the girl's love save her. But their seafaring mission is hardly simple.",Prepare to be blown out of the water.,Released,en,False,False,"[""exotic island"",""blacksmith"",""east india trading company"",""gold"",""marriage proposal"",""mutiny"",""jamaica"",""skeleton"",""daughter"",""governor"",""wooden eye"",""gold coin"",""pirate"",""alcoholic"",""swashbuckler"",""caribbean"",""aftercreditsstinger"",""pirate ship"",""capuchin monkey"",""tortuga""]",True
58,tt0383574,Pirates of the Caribbean: Dead Man's Chest,Pirates of the Caribbean: Dead Man's Chest,2006,2006-06-20,151.0,"[""Adventure"",""Fantasy"",""Action""]","[""Walt Disney Pictures"",""Jerry Bruckheimer Films"",""Second Mate Productions""]","[""United States of America""]","[""English"",""Türkçe"",""ελληνικά"",""普通话""]",Pirates of the Caribbean Collection,29.455314,7.0,5380,6.9577,200000000,1065659812,"Captain Jack Sparrow works his way out of a blood debt with the ghostly Davey Jones, he also attempts to avoid eternal damnation.",Jack is back!,Released,en,False,False,"[""witch"",""fortune teller"",""bondage"",""exotic island"",""monster"",""captain"",""card game"",""east india trading company"",""compass"",""ship"",""daughter"",""pirate"",""swashbuckler"",""aftercreditsstinger""]",True
97,tt0084827,Tron,Tron,1982,1982-07-09,96.0,"[""Science Fiction"",""Action"",""Adventure""]","[""Walt Disney Pictures"",""Lisberger/Kushner""]","[""United States of America""]","[""English""]",TRON Collection,16.574021,6.6,717,6.4818,17000000,33000000,"As Kevin Flynn searches for proof that he invented a hit video game, he is ""digitalized"" by a laser and finds himself inside The Grid, where programs suffer under the tyrannical rule of the Master Control Program. With the help of TRON, a security program, Flynn seeks to free The Grid from the MCP.",A world inside the computer where man has never been.  Until now.,Released,en,False,False,"[""video game"",""hacker"",""virtual reality"",""dystopia"",""computer"",""science fiction""]",True
285,tt0449088,Pirates of the Caribbean: At World's End,Pirates of the Caribbean: At World's End,2007,2007-05-19,169.0,"[""Adventure"",""Fantasy"",""Action""]","[""Walt Disney Pictures"",""Jerry Bruckheimer Films"",""Second Mate Productions""]","[""United States of America""]","[""English""]",Pirates of the Caribbean Collection,31.363664,6.9,4627,6.8573,300000000,961000000,"Captain Barbossa, long believed to be dead, has come back to life and is headed to the edge of the Earth with Will Turner and Elizabeth Swann. But nothing is quite as it seems.","At the end of the world, the adventure begins.",Released,en,False,False,"[""ocean"",""drug abuse"",""exotic island"",""east india trading company"",""love of one's life"",""traitor"",""shipwreck"",""strong woman"",""ship"",""alliance"",""calypso"",""afterlife"",""fighter"",""pirate"",""swashbuckler"",""aftercreditsstinger""]",True
332,tt0141369,Inspector Gadget,Inspector Gadget,1999,1999-07-23,78.0,"[""Action"",""Adventure"",""Comedy"",""Family""]","[""Walt Disney Pictures"",""Caravan Pictures"",""DiC Entertainment""]","[""United States of America""]","[""English"",""Norsk"",""Français"",""Español""]",Inspector Gadget Collection,11.677244,4.3,322,5.216,75000000,0,"John Brown is a bumbling but well-intentioned security guard who is badly injured in an explosion planned by an evil mastermind. He is taken to a laboratory, where Brenda, a leading robotics surgeon, replaces his damaged limbs with state-of-the-art gadgets and tools. Named ""Inspector Gadget"" by the press, John -- along with his niece, Penny, and her trusty dog, Brain -- uses his new powers to discover who was behind the explosion.",The greatest hero ever assembled.,Released,en,False,False,"[""gadget""]",True
404,tt0166896,The Straight Story,The Straight Story,1999,1999-10-15,112.0,"[""Drama""]","[""Walt Disney Pictures"",""Channel Four Films"",""Asymmetrical Productions"",""Les Films Alain Sarde"",""The Picture Factory"",""StudioCanal"",""Canal+"",""CiBy 2000"",""The Straight Story, Inc""]","[""United States of America""]","[""English""]",,14.580995,7.7,315,6.9679,10000000,0,"""The Straight Story"" chronicles a trip made by 73-year-old Alvin Straight from Laurens, Iowa, to Mt. Zion, Wisconsin, in 1994 while riding a lawn mower. The man undertook his strange journey to mend his relationship with his ill, estranged, 75-year-old brother Lyle.",,Released,en,False,False,"[""brother brother relationship"",""mississippi"",""wisconsin"",""lawnmower"",""iowa"",""biography"",""based on true story"",""independent film"",""family relationships"",""family"",""road movie""]",True
585,tt0198781,"Monsters, Inc.","Monsters, Inc.",2001,2001-11-01,92.0,"[""Animation"",""Comedy"",""Family""]","[""Walt Disney Pictures"",""Pixar Animation Studios""]","[""United States of America""]","[""English""]","Monsters, Inc. Collection",26.419962,7.5,6150,7.4395,115000000,562816256,"James Sullivan and Mike Wazowski are monsters, they earn their living scaring children and are the best in the business... even though they're more afraid of the children than they are of them. When a child accidentally enters their world, James and Mike suddenly find that kids are not to be afraid of and they uncover a conspiracy that could threaten all children across the world.",We Scare Because We Care.,Released,en,False,False,"[""monster"",""infant"",""energy supply"",""company"",""rivalry"",""hijinks"",""best friend"",""scream"",""conveyor belt"",""energy company"",""friend""]",True
756,tt0032455,Fantasia,Fantasia,1940,1940-11-13,124.0,"[""Animation"",""Family"",""Music""]","[""Walt Disney Pictures""]","[""United States of America""]","[""English""]",Fantasia Collection,8.03796,7.2,831,6.9345,2280000,83320000,"Walt Disney's timeless masterpiece is an extravaganza of sight and sound! See the music come to life, hear the pictures burst into song and experience the excitement that is Fantasia over and over again.",The most sensational sound you'll ever see!,Released,en,False,False,"[""orchestra"",""classical music"",""musical segments""]",False
812,tt0103639,Aladdin,Aladdin,1992,1992-11-25,90.0,"[""Animation"",""Family"",""Comedy"",""Adventure"",""Fantasy"",""Romance""]","[""Walt Disney Pictures""]","[""United States of America""]","[""English""]",Aladdin Collection,16.357419,7.4,3495,7.3051,28000000,504050219,"Princess Jasmine grows tired of being forced to remain in the palace and she sneaks out into the marketplace  in disguise where she meets street-urchin Aladdin and the two fall in love, although she may only marry a prince. After being thrown in jail, Aladdin and becomes embroiled in a plot to find a mysterious lamp with which the evil Jafar hopes to rule the land.",Wish granted!,Released,en,False,False,"[""magic"",""musical"",""cartoon"",""princess"",""love"",""comedy"",""animation"",""monkey"",""arab"",""aftercreditsstinger"",""genie"",""animal sidekick""]",True
862,tt0114709,Toy Story,Toy Story,1995,1995-10-30,81.0,"[""Animation"",""Comedy"",""Family""]","[""Pixar Animation Studios""]","[""United States of America""]","[""English""]",Toy Story Collection,21.946943,7.7,5415,7.6212,30000000,373554033,"Led by Woody, Andy's toys live happily in his room until Andy's birthday brings Buzz Lightyear onto the scene. Afraid of losing his place in Andy's heart, Woody plots against Buzz. But when circumstances separate Buzz and Woody from their owner, the duo eventually learns to put aside their differences.",,Released,en,False,False,"[""jealousy"",""toy"",""boy"",""friendship"",""friends"",""rivalry"",""boy next door"",""new toy"",""toy comes to life""]",True
863,tt0120363,Toy Story 2,Toy Story 2,1999,1999-10-30,92.0,"[""Animation"",""Comedy"",""Family""]","[""Pixar Animation Studios""]","[""United States of America""]","[""English""]",Toy Story Collection,17.547693,7.3,3914,7.2216,90000000,497366869,"Andy heads off to Cowboy Camp, leaving his toys to their own devices. Things shift into high gear when an obsessive toy collector named Al McWhiggen, owner of Al's Toy Barn kidnaps Woody. Andy's toys mount a daring rescue mission, Buzz Lightyear meets his match and Woody has to decide where he and his heart truly belong.",The toys are back!,Released,en,False,False,"[""museum"",""prosecution"",""identity crisis"",""airplane"",""flea market"",""collector"",""teamwork"",""friendship"",""rescue team"",""garage sale"",""duringcreditsstinger"",""toy comes to life"",""personification"",""inanimate objects coming to life""]",True
920,tt0317219,Cars,Cars,2006,2006-06-08,117.0,"[""Animation"",""Adventure"",""Comedy"",""Family""]","[""Walt Disney Pictures"",""Pixar Animation Studios""]","[""United States of America""]","[""English"",""Italiano"",""日本語""]",Cars Collection,18.907948,6.6,3991,6.572,120000000,461983149,"Lightning McQueen, a hotshot rookie race car driven to succeed, discovers that life is about the journey, not the finish line, when he finds himself unexpectedly detoured in the sleepy Route 66 town of Radiator Springs. On route across the country to the big Piston Cup Championship in California to compete against two seasoned pros, McQueen gets to know the town's offbeat characters.",Ahhh... it's got that new movie smell.,Released,en,False,False,"[""car race"",""car journey"",""auto"",""route 66"",""wrecker"",""porsche"",""retirement"",""media"",""friendship"",""sport"",""rural setting"",""anthropomorphism"",""los angeles"",""road movie"",""aftercreditsstinger"",""duringcreditsstinger""]",True
1267,tt0396555,Meet the Robinsons,Meet the Robinsons,2007,2007-03-23,95.0,"[""Animation"",""Comedy"",""Family""]","[""Walt Disney Pictures"",""Walt Disney Animation Studios""]","[""United States of America""]","[""English""]",,10.529576,6.7,787,6.5618,150000000,169332978,"In this animated adventure, brilliant preteen inventor Lewis creates a memory scanner to retrieve his earliest recollections and find out why his mother gave him up for adoption. But when the villainous Bowler Hat Guy steals the machine, Lewis is ready to give up on his quest until the mysterious Wilbur Robinson shows up on the scene, whisking Lewis to the future to find the scanner and his mom.",Think your family's weird?,Released,en,False,False,"[""saving the world"",""tyrannosaurus rex"",""adoption"",""future"",""time travel"",""time machine"",""mythical creature"",""friendship"",""best friend"",""rescue team"",""family""]",True
1865,tt1298650,Pirates of the Caribbean: On Stranger Tides,Pirates of the Caribbean: On Stranger Tides,2011,2011-05-14,136.0,"[""Adventure"",""Action"",""Fantasy""]","[""Walt Disney Pictures"",""Jerry Bruckheimer Films"",""Moving Picture Company (MPC)""]","[""United States of America""]","[""English"",""Español""]",Pirates of the Caribbean Collection,27.88772,6.4,5068,6.3888,380000000,1045713802,"Captain Jack Sparrow crosses paths with a woman from his past, and he's not sure if it's love -- or if she's a ruthless con artist who's using him to find the fabled Fountain of Youth. When she forces him aboard the Queen Anne's Revenge, the ship of the formidable pirate Blackbeard, Jack finds himself on an unexpected adventure in which he doesn't know who to fear more: Blackbeard or the woman from his past.",Live Forever Or Die Trying.,Released,en,False,False,"[""sea"",""captain"",""mutiny"",""sword"",""prime minister"",""sailing"",""silver"",""ship"",""duke"",""mermaid"",""pirate"",""soldier"",""battle"",""swashbuckler"",""aftercreditsstinger"",""3d""]",True
2059,tt0368891,National Treasure,National Treasure,2004,2004-11-19,131.0,"[""Adventure"",""Action"",""Thriller"",""Mystery""]","[""Walt Disney Pictures"",""Jerry Bruckheimer Films"",""Saturn Films"",""Junction Entertainment""]","[""United States of America""]","[""Latin"",""English"",""Español""]",National Treasure Collection,18.932203,6.4,1974,6.3735,100000000,347451894,"Modern treasure hunters, led by archaeologist Ben Gates, search for a chest of riches rumored to have been stashed away by George Washington, Thomas Jefferson and Benjamin Franklin during the Revolutionary War. The chest's whereabouts may lie in secret clues embedded in the Constitution and the Declaration of Independence, and Gates is in a race to find the gold before his enemies do.",The greatest adventure history has ever revealed.,Released,en,False,False,"[""riddle"",""treasure"",""treasure hunt"",""archaeologist"",""archeology""]",True
2062,tt0382932,Ratatouille,Ratatouille,2007,2007-06-22,111.0,"[""Animation"",""Comedy"",""Family"",""Fantasy""]","[""Walt Disney Pictures"",""Pixar Animation Studios""]","[""United States of America""]","[""English""]",,20.50803,7.5,4510,7.4189,150000000,623722818,"A rat named Remy dreams of becoming a great French chef despite his family's wishes and the obvious problem of being a rat in a decidedly rodent-phobic profession. When fate places Remy in the sewers of Paris, he finds himself ideally situated beneath a restaurant made famous by his culinary hero, Auguste Gusteau. Despite the apparent dangers of being an unlikely - and certainly unwanted - visitor in the kitchen of a fine French restaurant, Remy's passion for cooking soon sets into motion a hilarious and exciting rat race that turns the culinary world of Paris upside down.",He's dying to become a chef.,Released,en,False,False,"[""paris"",""brother brother relationship"",""expensive restaurant"",""river"",""cook"",""mouse"",""confidence"",""roof"",""window"",""leaving one's family"",""work"",""restaurant critic"",""kitchen"",""spice"",""court"",""cookbook"",""family"",""chef"",""rat""]",True
4244,tt0219854,The Kid,The Kid,2000,2000-07-07,104.0,"[""Fantasy"",""Comedy"",""Family""]","[""Walt Disney Pictures""]","[""United States of America""]","[""English""]",,15.045725,6.0,242,6.1102,65000000,69700000,"Powerful businessman Russ Duritz is self-absorbed and immersed in his work. But by the magic of the moon, he meets Rusty, a chubby, charming 8-year-old version of himself who can't believe he could turn out so badly -- with no life and no dog. With Rusty's help, Russ is able to reconcile the person he used to dream of being with the man he's actually become.",Nobody ever grows up quite like they imagined.,Released,en,False,False,"[""age difference"",""midlife crisis"",""suppressed past"",""self-awareness"",""childhood memory"",""humor"",""changing the past or future""]",True
4523,tt0461770,Enchanted,Enchanted,2007,2007-11-20,107.0,"[""Comedy"",""Family"",""Fantasy"",""Romance""]","[""Walt Disney Pictures"",""Josephson Entertainment"",""Andalasia Productions"",""Right Coast Productions""]","[""United States of America""]","[""English""]",,11.447798,6.6,1512,6.5336,85000000,340487652,"The beautiful princess Giselle is banished by an evil queen from her magical, musical animated land and finds herself in the gritty reality of the streets of modern-day Manhattan. Shocked by this strange new environment that doesn't operate on a ""happily ever after"" basis, Giselle is now adrift in a chaotic world badly in need of enchantment. But when Giselle begins to fall in love with a charmingly flawed divorce lawyer who has come to her aid - even though she is already promised to a perfect fairy tale prince back home - she has to wonder: Can a storybook view of romance survive in the real world?",This fairytale princess is about to meet a real Prince Charming,Released,en,False,False,"[""poison"",""queen"",""fairy tale"",""musical"",""princess"",""portal"",""animation"",""fantasy world"",""evil witch"",""part animation""]",True
6589,tt0467110,Underdog,Underdog,2007,2007-08-03,84.0,"[""Action"",""Adventure"",""Comedy"",""Family""]","[""Walt Disney Pictures""]","[""United States of America""]","[""English""]",,7.674338,4.7,171,5.6549,0,0,A lab accident gives a hound named Shoeshine some serious superpowers -- a secret that the dog eventually shares with the young boy who becomes his owner and friend,ONE NATION...UNDER DOG,Released,en,False,False,"[""flying"",""experiment"",""secret lab"",""invention"",""loss of powers"",""supernatural powers"",""police"",""superhero"",""dog"",""duringcreditsstinger"",""research laboratory""]",False
6637,tt0465234,National Treasure: Book of Secrets,National Treasure: Book of Secrets,2007,2007-12-13,124.0,"[""Action"",""Adventure"",""Mystery"",""Thriller""]","[""Walt Disney Pictures"",""Jerry Bruckheimer Films"",""Saturn Films"",""Junction Entertainment"",""Sparkler Entertainment"",""NT2 Productions""]","[""United States of America""]","[""Latin"",""English"",""Français""]",National Treasure Collection,12.854373,6.1,1782,6.1143,130000000,457363168,"Benjamin Franklin Gates and Dr. Abigail Chase re-team with Riley Poole and, now armed with a stack of long-lost pages from John Wilkes Booth's diary, Ben must follow a clue left there to prove his ancestor's innocence in the assassination of Abraham Lincoln.",The Greatest Adventure History Has Ever Revealed,Released,en,False,False,"[""paris"",""london england"",""assassination"",""mount rushmore national memorial"",""riddle"",""father son relationship"",""assassin"",""usa president"",""wife husband relationship"",""gold"",""secret"",""treasure"",""family history"",""buckingham palace"",""treasure hunt"",""history"",""archaeologist"",""american civil war"",""archeology"",""secret formula""]",True
6878,tt0107131,Homeward Bound: The Incredible Journey,Homeward Bound: The Incredible Journey,1993,1993-02-03,84.0,"[""Adventure"",""Comedy"",""Drama"",""Family""]","[""Walt Disney Pictures"",""Touchwood Pacific Partners 1""]","[""United States of America""]","[""English""]",Homeward Bound Collection,7.186506,6.6,218,6.3679,0,0,"Remake of the popular Disney classic, this time featuring some well known voices as two dogs and a cat trek across America encountering all sorts of adventures in the quest to be reunited with their owners.",,Released,en,False,False,"[""based on novel"",""cat"",""friendship"",""remake"",""dog"",""journey""]",True
8326,tt0311289,Holes,Holes,2003,2003-04-18,117.0,"[""Adventure"",""Family"",""Drama"",""Comedy""]","[""Walt Disney Pictures"",""Chicago Pacific Entertainment"",""Walden Media"",""Phoenix Pictures""]","[""United States of America""]","[""English""]",,17.193267,6.7,396,6.4841,20000000,0,"Stanley's family is cursed with bad luck. Unfairly sentenced to months of detention at Camp Green Lake, he and his campmates are forced by the warden to dig holes in order to build character. What they don't know is that they are digging holes in order to search for a lost treasure hidden somewhere in the camp.",Some secrets are too big to keep hidden.,Released,en,False,False,"[""curse"",""suitor"",""false accusations"",""reference to annabel lee"",""digging"",""baseball player"",""mountain climbing""]",True
8587,tt0110357,The Lion King,The Lion King,1994,1994-06-23,89.0,"[""Family"",""Animation"",""Drama""]","[""Walt Disney Pictures"",""Walt Disney Feature Animation""]","[""United States of America""]","[""English""]",The Lion King Collection,21.605761,8.0,5520,7.9072,45000000,788241776,A young lion cub named Simba can't wait to be king. But his uncle craves the title for himself and will stop at nothing to get it.,Life's greatest adventure is finding your place in the Circle of Life.,Released,en,False,False,"[""loss of parents"",""wild boar"",""uncle"",""shaman"",""redemption"",""king"",""scar"",""hyena"",""meerkat""]",True
8965,tt0344864,Atlantis: Milo's Return,Atlantis: Milo's Return,2003,2003-02-25,70.0,"[""Fantasy"",""Animation"",""Science Fiction"",""Family"",""Action""]","[""Walt Disney Pictures""]","[""United States of America""]","[""English""]",Atlantis Collection,7.751536,5.4,166,5.9145,0,0,"Three different stories come to life in this sequel to the hit animated Disney adventure. Explorer Milo Thatch, his new sweetheart, Queen Kida, and the rest of the team are preparing to rebuild the underwater city. But trouble crops up. Harnessing the power of the crystal of Atlantis, the adventurers set out to defend their kingdom against dark forces that threaten from sand, sea and snow.",,Released,en,False,False,"[""atlantis"",""aggression by animal"",""sequel"",""norse mythology""]",True
9016,tt0133240,Treasure Planet,Treasure Planet,2002,2002-11-26,95.0,"[""Adventure"",""Animation"",""Family"",""Fantasy"",""Science Fiction""]","[""Walt Disney Pictures"",""Walt Disney Feature Animation""]","[""United States of America""]","[""English""]",,16.141913,7.2,980,6.9654,140000000,109578115,"When space galleon cabin boy Jim Hawkins discovers a map to an intergalactic ""loot of a thousand worlds,"" a cyborg cook named John Silver teaches him to battle supernovas and space storms. But, soon, Jim realizes Silver is a pirate intent on mutiny!",Find your place in the universe.,Released,en,False,False,"[""cyborg"",""based on novel"",""space marine"",""mutiny"",""loss of father"",""map"",""pirate gang"",""treasure hunt"",""little boy"",""space"",""alien"",""animation"",""money"",""treasure map"",""planet"",""troubled teen"",""space pirate""]",True
9021,tt0304669,The Santa Clause 2,The Santa Clause 2,2002,2002-10-31,104.0,"[""Fantasy"",""Comedy"",""Family""]","[""Walt Disney Pictures"",""Outlaw Productions"",""Boxing Cat Films""]","[""United States of America""]","[""English""]",The Santa Clause Collection,5.205729,5.5,303,5.8478,65000000,172855065,"Better watch out! The big guy in red is coming to town once again. This time, Scott Calvin -- also known as Santa Claus -- finds out there's an obscure clause in his contract requiring him to take on a wife. He has to leave the North Pole to fulfill his obligations, or else he'll be forced to give up his Yuletide gig.",What's Christmas Fun without some Reindeer Games?,Released,en,False,False,"[""holiday"",""christmas party"",""home"",""santa claus"",""magic"",""toy"",""wish"",""son"",""sequel"",""saving christmas"",""christmas""]",True
9036,tt0397313,Eight Below,Eight Below,2006,2006-02-17,120.0,"[""Adventure"",""Drama"",""Family""]","[""Walt Disney Pictures"",""Spyglass Entertainment"",""Vertigo Entertainment"",""Kennedy/Marshall Company, The"",""Mandeville Films"",""Winking Productions""]","[""United States of America""]","[""English""]",,13.876881,6.7,553,6.5239,40000000,120455994,"In the Antarctic, after an expedition with Dr. Davis McClaren, the sled dog trainer Jerry Shepherd has to leave the polar base with his colleagues due to the proximity of a heavy snow storm. He ties his dogs to be rescued after, but the mission is called-off and the dogs are left alone at their own fortune. For six months, Jerry tries to find a sponsor for a rescue mission.","The Most Amazing Story Of Survival, Friendship, And Adventure Ever Told.",Released,en,False,False,"[""expedition"",""pilot"",""survival"",""sled dogs"",""seal""]",False
9325,tt0061852,The Jungle Book,The Jungle Book,1967,1967-10-17,78.0,"[""Family"",""Animation"",""Adventure""]","[""Walt Disney Pictures""]","[""United States of America""]","[""English""]",The Jungle Book Collection,22.845448,7.1,1791,6.9708,4000000,205843612,"The boy Mowgli makes his way to the man-village with Bagheera, the wise panther. Along the way he meets jazzy King Louie, the hypnotic snake Kaa and the lovable, happy-go-lucky bear Baloo, who teaches Mowgli ""The Bare Necessities"" of life and the true meaning of friendship.",The Jungle is JUMPIN'!,Released,en,False,False,"[""indian lead"",""narration"",""human animal relationship"",""musical"",""feral child"",""jungle"",""talking animal"",""anthropomorphism"",""orphan"",""disney"",""animal lead"",""walt disney""]",True
9438,tt0119718,Mr. Magoo,Mr. Magoo,1997,1997-12-25,84.0,"[""Comedy"",""Family""]","[""Walt Disney Pictures""]","[""United States of America""]","[""English""]",,9.474269,3.9,75,5.7393,30000000,0,"Mr.Magoo, a man with terrible eyesight, gets caught up in a museum robbery.",You won't believe your eyes.,Released,en,False,False,"[""lie"",""bluff"",""based on cartoon"",""millionaire"",""luck"",""short sighted""]",False
9446,tt0119432,Jungle 2 Jungle,Jungle 2 Jungle,1997,1997-03-07,97.0,"[""Comedy"",""Family""]","[""Walt Disney Pictures""]","[""United States of America""]","[""English""]",,12.640569,4.9,122,5.8236,0,0,"Uptight New York City executive, Michael Cromwell, pursues his soon-to-be ex-wife to South America and returns home with the son he never knew he had -- a boy raised in a tribal village in Brazil. Armed with only his blowgun, the 13-year-old Mimi-Siku discovers that the world outside his jungle home is indeed a strange place.",The big city is about to get a little savage.,Released,en,False,False,"[""new york"",""paternity""]",False
9487,tt0120623,A Bug's Life,A Bug's Life,1998,1998-11-25,95.0,"[""Adventure"",""Animation"",""Comedy"",""Family""]","[""Walt Disney Pictures"",""Pixar Animation Studios""]","[""United States of America""]","[""English""]",,16.869209,6.8,2379,6.7327,120000000,363258859,"On behalf of ""oppressed bugs everywhere,"" an inventive ant named Flik hires a troupe of warrior bugs to defend his bustling colony from a horde of freeloading grasshoppers led by the evil-minded Hopper.",An epic presentation of miniature proportions.,Released,en,False,False,"[""winter"",""fight"",""ant"",""invention"",""collector"",""ant-hill"",""kids and family"",""grass"",""duringcreditsstinger""]",True
9543,tt0473075,Prince of Persia: The Sands of Time,Prince of Persia: The Sands of Time,2010,2010-05-19,116.0,"[""Adventure"",""Fantasy"",""Action"",""Romance""]","[""Walt Disney Pictures"",""Jerry Bruckheimer Films""]","[""United States of America""]","[""English""]",,18.459955,6.2,2372,6.1999,150000000,335154643,"A rogue prince reluctantly joins forces with a mysterious princess and together, they race against dark forces to safeguard an ancient dagger capable of releasing the Sands of Time – gift from the gods that can reverse time and allow its possessor to rule the world.",Defy the Future,Released,en,False,False,"[""persia"",""sandstorm"",""brother against brother"",""armageddon"",""regent"",""based on video game""]",True
9574,tt0119137,Flubber,Flubber,1997,1997-11-26,93.0,"[""Comedy"",""Family"",""Science Fiction""]","[""Walt Disney Pictures"",""Great Oaks Entertainment""]","[""United States of America""]","[""English""]",,7.016942,5.3,707,5.5679,80000000,177977226,"Professor Phillip Brainard, an absent minded professor, works with his assistant Weebo, trying to create a substance that's a new source of energy and that will save Medfield College where his sweetheart Sara is the president. He has missed his wedding twice, and on the afternoon of his third wedding, Professor Brainard creates flubber, which allows objects to fly through the air.",Catch it if you can!,Released,en,False,False,"[""wedding vows"",""inventor"",""slime"",""green"",""flight"",""mad scientist"",""wedding""]",True
9732,tt0120131,The Lion King 2: Simba's Pride,The Lion King 2: Simba's Pride,1998,1998-10-24,81.0,"[""Animation"",""Family"",""Adventure""]","[""Walt Disney Pictures"",""Walt Disney Animation Australia"",""DisneyToon Studios""]","[""Australia"",""United States of America""]","[""English""]",The Lion King Collection,9.417261,6.7,1034,6.5874,0,0,"The circle of life continues for Simba, now fully grown and in his rightful place as the king of Pride Rock. Simba and Nala have given birth to a daughter, Kiara who's as rebellious as her father was. But Kiara drives her parents to distraction when she catches the eye of Kovu, the son of the evil lioness, Zira. Will Kovu steal Kiara's heart?",The Circle of Life Continues...,Released,en,False,False,"[""africa"",""baby"",""lion"",""friendship""]",True
9806,tt0317705,The Incredibles,The Incredibles,2004,2004-11-05,115.0,"[""Action"",""Adventure"",""Animation"",""Family""]","[""Walt Disney Pictures"",""Pixar Animation Studios""]","[""United States of America""]","[""Français"",""English""]",The Incredibles Collection,22.220214,7.4,5290,7.3356,92000000,631442092,"Bob Parr has given up his superhero days to log in time as an insurance adjuster and raise his three children with his formerly heroic wife in suburbia. But when he receives a mysterious assignment, it's time to get back into costume.","No gut, no glory",Released,en,False,False,"[""secret identity"",""secret"",""hero"",""island"",""wretch"",""supernatural powers"",""weapon"",""lawsuit"",""superhero""]",True
9820,tt0120783,The Parent Trap,The Parent Trap,1998,1998-07-28,127.0,"[""Comedy"",""Drama"",""Family""]","[""Walt Disney Pictures""]","[""United States of America""]","[""English"",""Português""]",,7.768828,6.8,768,6.6312,0,0,"Hallie Parker and Annie James are identical twins separated at a young age because of their parents' divorce. unknowingly to their parents, the girls are sent to the same summer camp where they meet, discover the truth about themselves, and then plot with each other to switch places. Hallie meets her mother, and Annie meets her father for the first time in years.","Twice the Fun, Double the Trouble.",Released,en,False,False,"[""matchmaking"",""divorced"",""twins separated at birth"",""woman director""]",True
9822,tt0120751,Mighty Joe Young,Mighty Joe Young,1998,1998-12-25,114.0,"[""Action"",""Adventure"",""Family"",""Fantasy""]","[""Walt Disney Pictures"",""RKO Pictures""]","[""United States of America""]","[""Kiswahili"",""English""]",,6.939576,5.9,208,6.0767,90000000,0,"As a child living in Africa, Jill Young saw her mother killed while protecting wild gorillas from poachers led by Andrei Strasser. Now an adult, Jill cares for an orphaned gorilla named Joe -- who, due to a genetic anomaly, is 15 feet tall. When Gregg O'Hara arrives from California and sees the animal, he convinces Jill that Joe would be safest at his wildlife refuge. But Strasser follows them to the U.S., intent on capturing Joe for himself.",Survival is an instinct.,Released,en,False,False,"[""gorilla"",""dying and death""]",True
9849,tt0120764,My Favorite Martian,My Favorite Martian,1999,1999-02-11,94.0,"[""Comedy"",""Drama"",""Family"",""Science Fiction""]","[""Walt Disney Pictures""]","[""United States of America""]","[""English"",""Italiano""]",,12.65102,5.1,81,5.9655,65000000,36850101,"News producer, Tim O'Hara gets himself fired for unwillingly compromising his bosses' daughter during a live transmission. A little later, he witnesses the crashing of a small Martian spacecraft, realizing his one-time chance of delivering a story that will rock the earth. Since Tim took the original but scaled-down spaceship with him, the Martian follows him to retrieve it.",The martian has landed. There goes the neighborhood.,Released,en,False,False,"[""alien"",""martian"",""based on tv series"",""fish out of water""]",True
9880,tt0247638,The Princess Diaries,The Princess Diaries,2001,2001-08-03,115.0,"[""Comedy"",""Family"",""Romance""]","[""Walt Disney Pictures"",""BrownHouse Productions"",""Bottom of the Ninth Productions""]","[""United States of America""]","[""English""]",The Princess Diaries Collection,7.387171,6.5,1063,6.4338,37000000,165335153,"A socially awkward but very bright 15-year-old girl being raised by a single mom discovers that she is the princess of a small European country because of the recent death of her long-absent father, who, unknown to her, was the crown prince of Genovia. She must make a choice between continuing the life of a San Francisco teen or stepping up to the throne.",She rocks. She rules. She reigns.,Released,en,False,False,"[""heir to the throne"",""grandmother granddaughter relationship"",""high school"",""princess"",""royalty"",""teenager"",""popularity"",""social outcast"",""based on young adult novel""]",True
9904,tt0405469,The Wild,The Wild,2006,2006-03-06,94.0,"[""Family"",""Animation""]","[""Walt Disney Pictures"",""Contrafilm"",""C.O.R.E. Feature Animation"",""Hoytyboy Pictures"",""Nigel Productions""]","[""Canada"",""United States of America""]","[""English""]",,7.904333,5.1,246,5.7039,80000000,37384046,"An adolescent lion is accidentally shipped from the New York Zoo to Africa. Now running free, his zoo pals must put aside their differences to help bring him back.",Start spreading the newspaper.,Released,en,False,False,"[""new york"",""africa"",""lion"",""zoo"",""wild""]",True
9918,tt0385726,Glory Road,Glory Road,2006,2006-01-13,118.0,"[""Drama""]","[""Walt Disney Pictures""]","[""United States of America""]","[""English""]",,5.244654,7.2,145,6.5253,0,42647449,"In 1966, Texas Western coach Don Haskins led the first all-black starting line-up for a college basketball team to the NCAA national championship.",The incredible story of the team that changed the game forever.,Released,en,False,False,"[""basketball"",""racial segregation"",""teachers and students""]",True
9948,tt0465997,The Fox and the Hound 2,The Fox and the Hound 2,2006,2006-11-09,69.0,"[""Adventure"",""Animation"",""Comedy"",""Family""]","[""Walt Disney Pictures"",""DisneyToon Studios"",""Hot Donut Productions""]","[""United States of America""]","[""English""]",The Fox and the Hound Collection,7.432461,5.6,115,6.0331,24000000,0,"Best friends Tod, a fox kit, and Copper, a hound puppy, visit a country fair when they see a band of dogs called ""The Singin' Strays"". The band has five members: Dixie, Cash, Granny Rose, and twin brothers Waylon and Floyd. It is important that they perform well because a talent scout is visiting.",Old Friends New Adventure,Released,en,False,False,"[""fox"",""dog""]",True
9982,tt0371606,Chicken Little,Chicken Little,2005,2005-11-04,81.0,"[""Animation"",""Family"",""Comedy""]","[""Walt Disney Pictures"",""Walt Disney Feature Animation""]","[""United States of America""]","[""English""]",,18.584609,5.6,974,5.7411,150000000,314432665,"When the sky really is falling and sanity has flown the coop, who will rise to save the day? Together with his hysterical band of misfit friends, Chicken Little must hatch a plan to save the planet from alien invasion and prove that the world's biggest hero is a little chicken.","When it comes to saving the world, it helps to be a little chicken.",Released,en,False,False,"[""fish"",""small town"",""space marine"",""chicken"",""alien"",""best friend"",""alien invasion"",""animal"",""duringcreditsstinger"",""3d""]",True
9994,tt0091149,The Great Mouse Detective,The Great Mouse Detective,1986,1986-07-02,74.0,"[""Comedy"",""Animation"",""Family""]","[""Walt Disney Pictures"",""Silver Screen Partners II""]","[""United States of America""]","[""English""]",,11.183924,6.9,334,6.5684,14000000,38625550,"When the diabolical Professor Ratigan kidnaps London's master toymaker, the brilliant master of disguise Basil of Baker Street and his trusted sidekick Dawson try to elude the ultimate trap and foil the perfect crime.",London's crime-fighting ace on his most baffling case!,Released,en,False,False,"[""london england"",""detective"",""queen"",""sherlock holmes"",""cartoon mouse""]",True
10020,tt0101414,Beauty and the Beast,Beauty and the Beast,1991,1991-11-13,84.0,"[""Romance"",""Family"",""Animation"",""Fantasy"",""Music""]","[""Walt Disney Pictures"",""Walt Disney Animation Studios"",""Silver Screen Partners IV""]","[""United States of America""]","[""Français"",""English""]",Beauty and the Beast Collection,23.433511,7.5,3029,7.3828,25000000,377350553,"Follow the adventures of Belle, a bright young woman who finds herself in the castle of a prince who's been turned into a mysterious beast. With the help of the castle's enchanted staff, Belle soon learns the most important lesson of all -- that true beauty comes from within.",The most beautiful love story ever told.,Released,en,False,False,"[""prince"",""book"",""castle"",""rose"",""musical"",""princess"",""animation"",""based on tv series"",""beast"",""belle""]",True
10022,tt0395699,The Pacifier,The Pacifier,2005,2005-03-04,95.0,"[""Action"",""Comedy"",""Drama"",""Family"",""Thriller""]","[""Walt Disney Pictures"",""Spyglass Entertainment""]","[""Canada"",""United States of America""]","[""English"",""한국어/조선말""]",,7.81645,5.8,865,5.9028,56000000,113006880,Disgraced Navy SEAL Shane Wolfe is handed a new assignment: Protect the five Plummer kids from enemies of their recently deceased father -- a government scientist whose top-secret experiment remains hidden in the kids' house.,Welcome to the infantry.,Released,en,False,False,"[""bodybuilder"",""children"",""body guard"",""scientist"",""family"",""u.s. soldier"",""death of husband"",""male nanny""]",True
10057,tt0108333,The Three Musketeers,The Three Musketeers,1993,1993-11-11,105.0,"[""Action"",""Adventure"",""Comedy""]","[""Walt Disney Pictures"",""Caravan Pictures""]","[""United States of America"",""Austria""]","[""English""]",,6.34785,6.2,219,6.1995,30000000,53898845,"D'Artagnan travels to Paris hoping to become a musketeer, one of the French king's elite bodyguards, only to discover that the corps has been disbanded by conniving Cardinal Richelieu, who secretly hopes to usurp the throne. Fortunately, Athos, Porthos and Aramis have refused to lay down their weapons and continue to protect their king. D'Artagnan joins with the rogues to expose Richelieu's plot against the crown.",All for one and one for all!,Released,en,False,False,"[""paris"",""musketeer""]",True
10067,tt0393735,The Shaggy Dog,The Shaggy Dog,2006,2006-03-09,98.0,"[""Comedy"",""Family""]","[""Walt Disney Pictures"",""Mandeville Films"",""Boxing Cat Films""]","[""United States of America""]","[""English""]",,4.878907,4.5,138,5.6638,50000000,61112916,The tale of a workaholic dad-turned-dog who finds that being man's best friend shows him the most important job - being a great dad.,It's going to be a ruff day.,Released,en,False,False,"[""father son relationship"",""parent child relationship"",""workaholic"",""wife husband relationship"",""transformation"",""body exchange"",""daughter"",""lawyer"",""dog"",""family"",""turns into animal""]",False
10122,tt0091059,Flight of the Navigator,Flight of the Navigator,1986,1986-07-30,90.0,"[""Family"",""Science Fiction"",""Adventure""]","[""Walt Disney Pictures"",""New Star Entertainment"",""Producers Sales Organization (PSO)""]","[""United States of America""]","[""English""]",,5.526865,6.9,227,6.501,0,18564613,"This 1986 Disney adventure tells the story of 12-year-old David who lives with his family in Fort Lauderdale, Fla. When he awakens from being accidentally knocked out in the forest near his home, he finds that eight years have passed. His family is overjoyed to have him back, but just as perplexed as he is by the fact that he hasn't aged. When a NASA scientist discovers a UFO nearby, David gets the chance to unravel the mystery and recover the life he lost.",Come along on the greatest adventure of the summer!,Released,en,False,False,"[""artificial intelligence"",""farewell"",""homesickness"",""nasa"",""extraterrestrial technology"",""flying saucer"",""time travel"",""adventure"",""alien"",""kids and family"",""dog""]",False
10144,tt0097757,The Little Mermaid,The Little Mermaid,1989,1989-11-17,83.0,"[""Animation"",""Family""]","[""Walt Disney Pictures"",""Silver Screen Partners IV""]","[""United States of America""]","[""English"",""Français""]",The Little Mermaid Collection,17.496832,7.2,1921,7.0648,40000000,222300000,This colorful adventure tells the story of an impetuous mermaid princess named Ariel who falls in love with the very human Prince Eric and puts everything on the line for the chance to be with him. Memorable songs and characters -- including the villainous sea witch Ursula.,Somewhere under the sea and beyond your imagination is an adventure in fantasy.,Released,en,False,False,"[""sea"",""fireworks"",""prince"",""kingdom"",""daughter"",""mermaid"",""princess"",""animation"",""spell"",""true love"",""bargain""]",True
10193,tt0435761,Toy Story 3,Toy Story 3,2010,2010-06-16,103.0,"[""Animation"",""Family"",""Comedy""]","[""Walt Disney Pictures"",""Pixar Animation Studios""]","[""United States of America""]","[""English"",""Español""]",Toy Story Collection,16.96647,7.6,4710,7.5161,200000000,1066969703,"Woody, Buzz, and the rest of Andy's toys haven't been played with in years. With Andy about to go to college, the gang find themselves accidentally left at a nefarious day care center. The toys must band together to escape and return home to Andy.",No toy gets left behind.,Released,en,False,False,"[""hostage"",""college"",""toy"",""barbie"",""animation"",""escape"",""day care"",""teddy bear"",""duringcreditsstinger"",""toy comes to life"",""personification"",""inanimate objects coming to life"",""toy story""]",True
10198,tt0780521,The Princess and the Frog,The Princess and the Frog,2009,2009-12-08,97.0,"[""Romance"",""Family"",""Animation"",""Music""]","[""Walt Disney Pictures"",""Walt Disney Animation Studios""]","[""United States of America""]","[""Français"",""English""]",,16.616517,6.7,1293,6.6057,105000000,267045765,"A waitress, desperate to fulfill her dreams as a restaurant owner, is set on a journey to turn a frog prince back into a human being, but she has to do face the same problem after she kisses him.",Every Love Story Begins With a Kiss...,Released,en,False,False,"[""based on novel"",""voodoo"",""kiss"",""princess"",""animation"",""cajun"",""firefly"",""based on fairy tale"",""duringcreditsstinger"",""big dreams"",""frog prince"",""charlatan""]",True
10202,tt0960731,Bedtime Stories,Bedtime Stories,2008,2008-12-24,99.0,"[""Fantasy"",""Comedy"",""Family"",""Romance""]","[""Walt Disney Pictures"",""Happy Madison Productions"",""Gunn Films""]","[""United States of America""]","[""English""]",,10.739419,5.9,924,5.9733,80000000,212874442,Skeeter Bronson is a down-on-his-luck guy who's always telling bedtime stories to his niece and nephew. But his life is turned upside down when the fantastical stories he makes up for entertainment inexplicably turn into reality. Can a bewildered Skeeter manage his own unruly fantasies now that the outrageous characters and situations from his mind have morphed into actual people and events?,Whatever they dream up... he has to survive.,Released,en,False,False,"[""wishes come true"",""escapade"",""disorder"",""imaginary"",""miraculous event"",""imaginary kingdom"",""life turned upside down"",""nothing goes right""]",True
10249,tt0102803,The Rocketeer,The Rocketeer,1991,1991-06-21,108.0,"[""Action"",""Adventure"",""Science Fiction"",""Family""]","[""Walt Disney Pictures""]","[""United States of America""]","[""English""]",,10.536644,6.3,265,6.2465,42000000,62000000,"Straight from the pages of a pulp comic from a past era, the Rocketeer recreates 1930s Hollywood, complete with gangsters, Nazi spies, and the growth of the Age of Aviation. Young pilot Cliff Secord stumbles on a top secret rocket-pack and with the help of his mechanic/mentor, Peevy, he attempts to save his girl and stop the Nazis as The Rocketeer.","Three years before the United States declares war, Cliff Secord leads America's first battle against the Nazis.",Released,en,False,False,"[""superhero"",""los angeles"",""flying man"",""pilot hero"",""nazi collaborator"",""1980s""]",True
10330,tt0322330,Freaky Friday,Freaky Friday,2003,2003-08-03,97.0,"[""Comedy""]","[""Walt Disney Pictures"",""Gunn Films"",""Casual Friday Productions""]","[""United States of America""]","[""普通话"",""English""]",,7.867999,6.0,919,6.049,26000000,110230332,"Mother and daughter bicker over everything -- what Anna wears, whom she likes and what she wants to do when she's older. In turn, Anna detests Tess's fiancé. When a magical fortune cookie switches their personalities, they each get a peek at how the other person feels, thinks and lives.",Mondays are manic. Wednesdays are wild. And Fridays are about to get a little freaky.,Released,en,False,False,"[""single parent"",""brother sister relationship"",""mistake in person"",""bride"",""talk show"",""body exchange"",""motherly love"",""high school"",""mother daughter relationship"",""wedding"",""psychiatrist"",""body-swap"",""music band"",""teen comedy"",""child as an adult"",""adult as a child""]",False
10437,tt0104940,The Muppet Christmas Carol,The Muppet Christmas Carol,1992,1992-12-10,85.0,"[""Comedy"",""Family"",""Fantasy"",""Drama""]","[""Walt Disney Pictures"",""Jim Henson Company, The""]","[""United States of America""]","[""English""]",The Muppet Collection,14.630571,7.2,217,6.6192,0,27281507,"A retelling of the classic Dickens tale of Ebenezer Scrooge, miser extraordinaire. He is held accountable for his dastardly ways during night-time visitations by the Ghosts of Christmas Past, Present, and future.",,Released,en,False,False,"[""holiday"",""future"",""musical"",""past"",""scrooge"",""christmas carol"",""charles dickens"",""christmas""]",True
10439,tt0107120,Hocus Pocus,Hocus Pocus,1993,1993-07-16,96.0,"[""Comedy"",""Family"",""Fantasy""]","[""Walt Disney Pictures""]","[""United States of America""]","[""English""]",,10.390708,6.5,491,6.3859,28000000,39514713,"After 300 years of slumber, three sister witches are accidentally resurrected in Salem on Halloween night, and it us up to three kids and their newfound feline friend to put an end to the witches' reign of terror once and for all.",It's just a bunch of Hocus Pocus.,Released,en,False,False,"[""witch"",""halloween"",""salem"",""trick or treating"",""spellcasting""]",True
10481,tt0211181,102 Dalmatians,102 Dalmatians,2000,2000-10-07,100.0,"[""Comedy"",""Family""]","[""Walt Disney Pictures"",""Cruella Productions""]","[""United States of America""]","[""English""]",101 Dalmatians (Live-Action) Collection,7.668752,5.1,327,5.6259,85000000,183611771,"Get ready for a howling good time as an all new assortment of irresistible animal heroes are unleashed in this great family tail! In an unlikely alliance, the outrageous Waddlesworth... a parrot who thinks he's a Rottweiler... teams up with Oddball... an un-marked Dalmation puppy eager to earn her spots! Together they embark on a laugh-packed quest to outwit the ever-scheming Cruella De Vil",Meet Two Unlikely Heroes With A Bone To Pick.,Released,en,False,False,"[""london england"",""prison"",""release from prison"",""women's prison"",""society for the prevention of cruelty to animals"",""puppy"",""pelz"",""dog"",""dalmatian""]",False
10530,tt0114148,Pocahontas,Pocahontas,1995,1995-06-14,81.0,"[""Adventure"",""Animation"",""Drama"",""Family""]","[""Walt Disney Pictures"",""Walt Disney Feature Animation""]","[""United States of America""]","[""English""]",Pocahontas Collection,13.280069,6.7,1509,6.6169,55000000,346079773,"History comes gloriously to life in Disney's epic animated tale about love and adventure in the New World. Pocahontas is a Native American woman whose father has arranged for her to marry her village's best warrior. But a vision tells her change is coming, and soon she comes face to face with it in the form of Capt. John Smith.",An American legend comes to life.,Released,en,False,False,"[""culture clash"",""settler"",""forbidden love"",""colony"",""musical"",""gold rush"",""princess"",""romance"",""native american"",""animation"",""virginia"",""star crossed lovers"",""reference to pizarro"",""jamestown virginia"",""pug dog"",""cross cultural relationship"",""musket"",""animate tree"",""indian chief"",""based on myths or folklore"",""17th century"",""shamanism"",""songs"",""indians vs. settlers"",""animal sidekick"",""powhatan"",""land claim""]",True
10539,tt0116683,James and the Giant Peach,James and the Giant Peach,1996,1996-04-12,79.0,"[""Adventure"",""Animation"",""Family""]","[""Walt Disney Pictures"",""Allied Filmmakers""]","[""United States of America""]","[""English""]",,13.217623,6.2,375,6.1996,38000000,28921264,"When the young orphan boy James spills a magic bag of crocodile tongues, he finds himself in possession of a giant peach that flies him away to strange lands.",Adventures this big don't grow on trees.,Released,en,False,False,"[""based on novel"",""garden"",""loss of parents"",""magic"",""aunt"",""based on children's book"",""insects""]",True
10545,tt0116583,The Hunchback of Notre Dame,The Hunchback of Notre Dame,1996,1996-06-21,91.0,"[""Drama"",""Animation"",""Family""]","[""Walt Disney Pictures""]","[""United States of America""]","[""Latin"",""English""]",The Hunchback of Notre Dame Collection,13.553999,6.8,1182,6.6784,100000000,100138851,"When Quasi defies the evil Frollo and ventures out to the Festival of Fools, the cruel crowd jeers him. Rescued by fellow outcast the gypsy Esmeralda, Quasi soon finds himself battling to save the people and the city he loves.",,Released,en,False,False,"[""paris"",""based on novel"",""judge"",""obsession"",""dance"",""sword"",""mockery"",""ugliness"",""cathedral"",""musical"",""fool"",""bell"",""religion"",""orphan"",""army captain"",""festival"",""angry mob"",""witch hunt"",""15th century""]",True
10567,tt0130623,Dinosaur,Dinosaur,2000,2000-05-19,82.0,"[""Animation"",""Family""]","[""Walt Disney Pictures"",""Walt Disney Feature Animation""]","[""United States of America""]","[""English""]",,9.998415,6.2,563,6.1997,127500000,354248063,An orphaned dinosaur raised by lemurs joins an arduous trek to a sancturary after a meteorite shower destroys his family home.,You have never seen anything like this.,Released,en,False,False,"[""cataclysm"",""asteroid"",""leader"",""comet"",""animation"",""prehistoric"",""prehistoric egg"",""dinosaur"",""nesting grounds"",""prehistoric creature"",""prehistoric adventure"",""lemur"",""prehistoric times""]",False
10603,tt0119190,George of the Jungle,George of the Jungle,1997,1997-07-15,92.0,"[""Adventure"",""Comedy"",""Family"",""Romance""]","[""Walt Disney Pictures"",""Mandeville Films""]","[""United States of America""]","[""English"",""Español""]",George of the Jungle Collection,9.559685,5.4,508,5.6967,55000000,0,"Baby George got into a plane crash in a jungle, stayed alive and was adopted by a wise ape. Ursula Stanhope, US noble woman is saved from death on safari by grown-up George, and he takes her to jungle to live with him. He slowly learns a rules of human relationships, while Ursula's lover Lyle is looking for her and the one who took her. After they are found, Ursula takes George to the USA.",Watch out!,Released,en,False,False,"[""africa"",""san francisco"",""gorilla"",""lion"",""feral child"",""jungle""]",True
10637,tt0210945,Remember the Titans,Remember the Titans,2000,2000-09-29,113.0,"[""Drama""]","[""Walt Disney Pictures"",""Jerry Bruckheimer Films"",""Technical Black"",""Run It Up Productions Inc.""]","[""United States of America""]","[""English""]",,6.587726,7.4,835,7.0826,30000000,136706683,"After leading his football team to 15 winning seasons, coach Bill Yoast is demoted and replaced by Herman Boone – tough, opinionated and as different from the beloved Yoast as he could be. The two men learn to overcome their differences and turn a group of hostile young men into true champions.",History is written by the winners.,Released,en,False,False,"[""ku klux klan"",""american football"",""trainer"",""sports team"",""race politics"",""coaction"",""apartheid"",""sport"",""high school"",""racial segregation"",""racist"",""based on true story"",""american football player"",""xenophobia"",""head coach""]",True
10674,tt0120762,Mulan,Mulan,1998,1998-06-18,88.0,"[""Animation"",""Family"",""Adventure""]","[""Walt Disney Pictures"",""Walt Disney Feature Animation""]","[""United States of America""]","[""English"",""普通话""]",Mulan Collection,21.180857,7.6,2089,7.4241,90000000,304320254,"A tomboyish girl disguises herself as a young man so she can fight with the Imperial Chinese Army against the invading Huns. With help from wise-cracking dragon Mushu, Mulan just might save her country -- and win the heart of handsome Captain Li Shang.","This time, the princess saves the prince.",Released,en,False,False,"[""homeland"",""musical"",""training"",""daughter"",""cricket"",""princess"",""dragon"",""luck""]",True
10681,tt0910970,WALL·E,WALL·E,2008,2008-06-22,98.0,"[""Animation"",""Family""]","[""Walt Disney Pictures"",""Pixar Animation Studios"",""FortyFour Studios""]","[""United States of America""]","[""English""]",,16.088366,7.8,6439,7.7287,180000000,521311860,"WALL·E is the last robot left on an Earth that has been overrun with garbage and all humans have fled to outer space. For 700 years he has continued to try and clean up the mess, but has developed some rather interesting human-like qualities. When a ship arrives with a sleek new type of robot, WALL·E thinks he's finally found a friend and stows away on the ship when it leaves.",An adventure beyond the ordinar-E.,Released,en,False,False,"[""romantic comedy""]",True
10756,tt0338094,The Haunted Mansion,The Haunted Mansion,2003,2003-11-25,87.0,"[""Thriller"",""Fantasy"",""Comedy"",""Family"",""Mystery""]","[""Walt Disney Pictures"",""Gunn Films"",""Doom Buggy Productions""]","[""United States of America""]","[""English""]",,11.605735,5.1,481,5.5222,90000000,182290266,"Workaholic Jim Evers and his wife/business partner, Sara get a call one night from mansion owner, Edward Gracey wants to sell his house. Once the Evers family arrive at the mansion a butler takes them to dine with Gracey. Gracey takes one look at Sara and he thinks she's his lost lover.",Check your pulse at the door... if you have one.,Released,en,False,False,"[""secret passage"",""magic"",""estate agent"",""haunted house"",""family vacation"",""ghost"",""aftercreditsstinger""]",True
10865,tt0230011,Atlantis: The Lost Empire,Atlantis: The Lost Empire,2001,2001-06-02,95.0,"[""Animation"",""Family"",""Adventure"",""Science Fiction""]","[""Walt Disney Pictures"",""Walt Disney Feature Animation""]","[""United States of America""]","[""English"",""Français"",""Español""]",Atlantis Collection,10.901602,6.7,1257,6.6035,120000000,186053725,"The world's most highly qualified crew of archaeologists and explorers is led by historian Milo Thatch as they board the incredible 1,000-foot submarine Ulysses and head deep into the mysteries of the sea.",Atlantis is waiting...,Released,en,False,False,"[""sea"",""atlantis"",""animation"",""underwater"",""sea monster""]",True
10869,tt0071607,Herbie Rides Again,Herbie Rides Again,1974,1974-02-14,88.0,"[""Romance"",""Comedy"",""Family"",""Fantasy""]","[""Walt Disney Pictures""]","[""United States of America""]","[""English""]",Herbie Collection,4.914603,5.9,77,6.1381,0,0,The living Volkswagen Beetle helps a old lady protect her home from a corrupt developer.,The Loveable Bug's back doin' his thing!,Released,en,False,False,"[""san francisco"",""estate agent"",""shopping mall"",""volkswagon"",""käfer""]",False
10874,tt0117110,Muppet Treasure Island,Muppet Treasure Island,1996,1996-02-16,100.0,"[""Action"",""Comedy"",""Music"",""Family"",""Adventure""]","[""Walt Disney Pictures"",""Jim Henson Productions"",""Jim Henson Company, The""]","[""United States of America""]","[""English""]",The Muppet Collection,6.902423,6.5,93,6.2704,0,34327391,"After telling the story of Flint's last journey to young Jim Hawkins, Billy Bones has a heart attack and dies just as Jim and his friends are attacked by pirates. The gang escapes into the town where they hire out a boat and crew to find the hidden treasure, which was revealed by Bones before he died. On their voyage across the seas, they soon find out that not everyone on board can be trusted.",Set sail for Muppet mayhem!,Released,en,False,False,"[""island"",""pirate gang"",""puppet"",""treasure hunt""]",True
10898,tt0240684,The Little Mermaid II: Return to the Sea,The Little Mermaid II: Return to the Sea,2000,2000-08-30,72.0,"[""Family"",""Animation""]","[""Walt Disney Pictures"",""Walt Disney Animation Australia"",""Walt Disney Animation Canada"",""Walt Disney Television Animation""]","[""Australia"",""United States of America"",""Canada""]","[""English""]",The Little Mermaid Collection,1.658407,5.9,342,6.0398,0,0,"Set several years after the first film, Ariel and Prince Eric are happily married with a daughter, Melody. In order to protect Melody from the Sea Witch, Morgana, they have not told her about her mermaid heritage. Melody is curious and ventures into the sea, where she meets new friends. But will she become a pawn in Morgana's quest to take control of the ocean from King Triton?",Return to the sea September 19,Released,en,False,False,"[""dream"",""fairy tale"",""mermaid"",""underwater city""]",True
10957,tt0088814,The Black Cauldron,The Black Cauldron,1985,1985-07-24,80.0,"[""Animation""]","[""Walt Disney Pictures"",""Silver Screen Partners II""]","[""United States of America""]","[""English""]",,9.806685,6.5,228,6.3291,25000000,21288692,"Taran is an assistant pigkeeper with boyish dreams of becoming a great warrior. However, he has to put the daydreaming aside when his charge, an oracular pig named Hen Wen, is kidnapped by an evil lord known as the Horned King. The villain hopes Hen will show him the way to The Black Cauldron, which has the power to create a giant army of unstoppable soldiers.",Hidden by darkness. Guarded by witches. Discovered by a boy. Stolen by a king. Whoever owns it will rule the world. Or destroy it.,Released,en,False,False,"[""sword"",""pig""]",True
11130,tt0368933,The Princess Diaries 2: Royal Engagement,The Princess Diaries 2: Royal Engagement,2004,2004-08-06,113.0,"[""Comedy"",""Drama"",""Family"",""Romance""]","[""Walt Disney Pictures""]","[""United States of America""]","[""English""]",The Princess Diaries Collection,8.248895,6.0,726,6.0582,40000000,95149435,"Mia Thermopolis is now a college graduate and on her way to Genovia to take up her duties as princess. Her best friend Lilly also joins her for the summer. Mia continues her 'princess lessons'- riding horses side-saddle, archery, and other royal. But her complicated life is turned upside down once again when she not only learns that she is to take the crown as queen earlier than expected...",It can take a lifetime to find true love; she's got 30 days!,Released,en,False,False,"[""coronation"",""duty"",""marriage"",""falling in love""]",True
11132,tt0361467,Confessions of a Teenage Drama Queen,Confessions of a Teenage Drama Queen,2004,2004-02-17,89.0,"[""Comedy""]","[""Walt Disney Pictures""]","[""Germany"",""United States of America""]","[""English""]",,7.423275,5.1,228,5.7245,15000000,29331068,"When the teenager Mary Elizabeth Steppe, a.k.a. Lola, moves with her mother and two younger twin sisters from New York to the suburb of Dellwood, New Jersey, she has the feeling that her cultural and entertaining world ended. While in school, the displaced Lola becomes close friend of the unpopular Ella, who is also a great fan of the her favorite rock band Sidarthur. However, the most popular girl in the school, Carla Santini, disputes the lead role in an adaptation of Pygmalion with Lola and also the leadership of their mates. When the last concert of Sidarthur is sold-out, Lola plans with Ella to travel to New York and buy the tickets from scalpers. However, the girls get into trouble while helping the lead singer and Lola's idol Stu Wolf, changing their lives forever.",She's making a scene over everything.,Released,en,False,False,"[""rock star"",""spotlight"",""high school"",""party"",""rivalry"",""woman director"",""boys""]",True
11135,tt0100477,The Rescuers Down Under,The Rescuers Down Under,1990,1990-11-16,77.0,"[""Adventure"",""Animation"",""Crime"",""Family"",""Fantasy""]","[""Walt Disney Pictures"",""Walt Disney Feature Animation"",""Silver Screen Partners IV""]","[""United States of America""]","[""Dansk"",""English"",""한국어/조선말"",""Norsk"",""svenska""]",The Rescuers Collection,1.562471,6.6,303,6.4006,37931000,47431461,"A lawless poacher wants to capture a majestic and rare golden eagle, so he kidnaps the boy who knows where to find the bird. Not to worry -- the Rescue Aid Society's top agents, heroic mice Miss Bianca and Bernard, fly to Australia to save the day. Accompanying the fearless duo are bumbling albatross Wilbur and local field operative Jake the Kangaroo Rat.",,Released,en,False,False,"[""diamant"",""kidnapping"",""mouse"",""alligator"",""baby-snatching"",""eagle"",""australia"",""waterfall"",""poacher"",""nest"",""australian outback""]",True
11158,tt0104437,Honey I Blew Up the Kid,Honey I Blew Up the Kid,1992,1992-07-16,89.0,"[""Adventure"",""Comedy"",""Family"",""Science Fiction""]","[""Walt Disney Pictures"",""Touchwood Pacific Partners 1""]","[""United States of America""]","[""English""]","Honey, I Shrunk the Kids Collection",12.337898,4.8,272,5.5338,40000000,58662452,"Wayne Szalinski is at it again. But instead of shrinking things, he tries to make a machine that can make things grow. As in the first one, his machine isn't quite accurate. But when he brings Nick & his toddler son Adam to see his invention, the machine unexpectedly starts working. And when Adam comes right up to the machine, he gets zapped along with his stuffed bunny.",The BIG Laughs Start January 6th!,Released,en,False,False,"[""becoming an adult"",""inventor"",""infant"",""family""]",True
11395,tt0111070,The Santa Clause,The Santa Clause,1994,1994-11-10,97.0,"[""Fantasy"",""Drama"",""Comedy"",""Family""]","[""Walt Disney Pictures"",""Hollywood Pictures""]","[""United States of America""]","[""English""]",The Santa Clause Collection,9.665424,6.3,501,6.2622,22000000,189833357,"Scott Calvin is an ordinary man, who accidentally causes Santa Claus to fall from his roof on Christmas Eve and is knocked unconscious. When he and his young son finish Santa's trip and deliveries, they go to the North Pole, where Scott learns he must become the new Santa and convince those he loves that he is indeed, Father Christmas.",What if your dad was Santa Claus?,Released,en,False,False,"[""holiday"",""christmas party"",""santa claus"",""deal"",""christmas tree"",""christmas""]",True
11425,tt0119310,"Honey, We Shrunk Ourselves","Honey, We Shrunk Ourselves",1997,1997-03-18,74.0,"[""Adventure"",""Comedy"",""Family"",""Science Fiction"",""Action""]","[""Walt Disney Pictures""]","[""United States of America""]","[""English""]","Honey, I Shrunk the Kids Collection",5.744183,5.1,142,5.846,7000000,0,"The joke's on absent-minded scientist Wayne Szalinski when his troublesome invention shrinks him, his brother and their wives so effectively that their children think they've completely disappeared. Of course, this gives the kids free rein to do anything they want, unaware that their parents are watching every move.",The world's wackiest scientist has done it again!,Released,en,False,False,"[""brother brother relationship"",""inventor"",""museum"",""shrinking"",""celebration""]",False
11430,tt0318403,The Lion King 1½,The Lion King 1½,2004,2004-02-06,77.0,"[""Animation"",""Comedy"",""Family""]","[""Walt Disney Pictures"",""Walt Disney Animation Australia"",""DisneyToon Studios""]","[""Australia"",""United States of America""]","[""English""]",The Lion King Collection,8.931033,6.3,694,6.2696,0,0,Timon the meerkat and Pumbaa the warthog are best pals and the unsung heroes of the African savanna. This prequel to the smash Disney animated adventure takes you back -- way back -- before Simba's adventure began. You'll find out all about Timon and Pumbaa and tag along as they search for the perfect home and attempt to raise a rambunctious lion cub.,You Don't Know The ½ Of It!,Released,en,False,False,"[""africa"",""lion"",""pig"",""sequel"",""royalty"",""best friend""]",True
11451,tt0400497,Herbie Fully Loaded,Herbie Fully Loaded,2005,2005-06-22,101.0,"[""Comedy"",""Family"",""Adventure"",""Fantasy"",""Romance""]","[""Walt Disney Pictures"",""Robert Simonds Productions""]","[""United States of America""]","[""English""]",Herbie Collection,9.35239,5.1,559,5.4839,50000000,66002004,"Maggie Peyton, the new owner of Number 53 - the free-wheelin' Volkswagen bug with a mind of its own - puts the car through its paces on the road to becoming a NASCAR competitor.",Start your engines...,Released,en,False,False,"[""car race"",""victory"",""car"",""nascar"",""woman director""]",False
11459,tt0405325,Sky High,Sky High,2005,2005-07-29,100.0,"[""Adventure"",""Comedy"",""Family""]","[""Walt Disney Pictures"",""Gunn Films"",""Max Stronghold Productions Inc.""]","[""United States of America""]","[""English""]",,8.061423,5.8,568,5.938,35000000,86369815,"Set in a world where superheroes are commonly known and accepted, young Will Stronghold, the son of the Commander and Jetstream, tries to find a balance between being a normal teenager and an extraordinary being.",Saving The World... One Homework Assignment At A Time.,Released,en,False,False,"[""hero"",""loyalty"",""mockery"",""supernatural powers"",""high school"",""mission"",""super powers"",""teen superheroes""]",True
11544,tt0275847,Lilo & Stitch,Lilo & Stitch,2002,2002-06-21,85.0,"[""Animation"",""Family""]","[""Walt Disney Pictures"",""Walt Disney Feature Animation""]","[""United States of America""]","[""English""]",Lilo & Stitch Collection,18.469238,7.1,1371,6.9383,80000000,145771527,"A lonely Hawaiian girl named Lilo is being raised by her older sister, Nani, after their parents die -- under the watch of social worker Cobra Bubbles. When Lilo adopts a funny-looking dog and names him ""Stitch,"" she doesn't realize her new best friend is a wacky alien created by mad scientist Dr. Jumba.",He's coming to our galaxy.,Released,en,False,False,"[""sister sister relationship"",""extraterrestrial technology"",""hawaii"",""adoption"",""mutation"",""alien life-form"",""alien phenomenons"",""animation"",""dog"",""dead parents""]",True
11652,tt0445990,Invincible,Invincible,2006,2006-08-25,105.0,"[""Drama""]","[""Walt Disney Pictures""]","[""United States of America""]","[""English"",""Français""]",,9.794881,6.7,230,6.4165,0,57806952,"Inspired by the true story of Vince Papale, a man with nothing to lose who ignored the staggering odds and made his dream come true. When the coach of Papale's beloved hometown football team hosted an unprecedented open tryout, the public consensus was that it was a waste of time – no one good enough to play professional football was going to be found this way.",Dreams are not lived on the sidelines,Released,en,False,False,"[""american football"",""sports team"",""bad luck"",""advancement"",""sport""]",True
11674,tt0115433,101 Dalmatians,101 Dalmatians,1996,1996-11-17,103.0,"[""Comedy"",""Family""]","[""Walt Disney Pictures"",""Great Oaks Entertainment""]","[""United Kingdom"",""United States of America""]","[""English""]",101 Dalmatians (Live-Action) Collection,11.470748,5.6,722,5.7759,54000000,320689294,"The Live action adaptation of a Disney Classic. When a litter of dalmatian puppies are abducted by the minions of Cruella De Vil, the parents must find them before she uses them for a diabolical fashion statement.",So many dogs. So little time.,Released,en,False,False,"[""london england"",""fur"",""fashion designer"",""puppy"",""based on children's book"",""dog"",""dalmatian""]",True
11688,tt0120917,The Emperor's New Groove,The Emperor's New Groove,2000,2000-12-09,78.0,"[""Adventure"",""Animation"",""Comedy"",""Family"",""Fantasy""]","[""Walt Disney Pictures"",""Walt Disney Feature Animation""]","[""United States of America""]","[""English""]",The Emperor's New Groove Collection,12.297375,7.2,1544,7.0372,100000000,169327687,"Kuzco is a self-centered emperor who summons Pacha from a village and to tell him that his home will be destroyed to make room for Kuzco's new summer home. Kuzco's advisor, Yzma, tries to poison Kuzco and accidentally turns him into a llama, who accidentally ends up in Pacha's village. Pacha offers to help Kuzco if he doesn't destroy his house, and so they form an unlikely partnership.",It's All About.....ME!,Released,en,False,False,"[""central and south america"",""birthday"",""emperor"",""palace"",""kingdom"",""berater"",""llama""]",True
11887,tt0962726,High School Musical 3: Senior Year,High School Musical 3: Senior Year,2008,2008-10-22,116.0,"[""Comedy"",""Drama"",""Family"",""Music"",""Romance""]","[""Walt Disney Pictures""]","[""United States of America""]","[""English""]",High School Musical Collection,7.343504,6.1,858,6.1257,0,0,"It's almost graduation day for high school seniors Troy, Gabriella, Sharpay, Chad, Ryan and Taylor ― and the thought of heading off in separate directions after leaving East High has these Wildcats thinking they need to do something they'll remember forever. Together with the rest of the Wildcats, they stage a spring musical reflecting their hopes and fears about the future and their unforgettable experiences growing up together. But with graduation approaching and college plans in question, what will become of the dreams, romances, and friendships of East High's senior Wildcats?",,Released,en,False,False,"[""musical"",""music"",""high school"",""coming of age"",""teenager"",""high school student"",""duringcreditsstinger""]",False
11888,tt0281373,Snow Dogs,Snow Dogs,2002,2002-01-18,99.0,"[""Adventure"",""Comedy"",""Family""]","[""Walt Disney Pictures""]","[""Canada"",""United States of America""]","[""English""]",,13.470227,5.3,190,5.8505,33000000,0,"When a Miami dentist inherits a team of sled dogs, he's got to learn the trade or lose his pack to a crusty mountain man.",Get ready for mush hour!,Released,en,False,False,"[""adoption"",""log cabin"",""alaska"",""sled dogs""]",False
11970,tt0119282,Hercules,Hercules,1997,1997-06-26,93.0,"[""Animation"",""Family"",""Fantasy"",""Adventure"",""Comedy"",""Romance""]","[""Walt Disney Pictures""]","[""United States of America""]","[""English"",""Español"",""ελληνικά""]",,14.048694,7.3,1741,7.1382,85000000,252712101,"Bestowed with superhuman strength, a young mortal named Hercules sets out to prove himself a hero in the eyes of his father, the great god Zeus. Along with his friends Pegasus, a flying horse, and Phil, a personal trainer, Hercules is tricked by the hilarious, hotheaded villain Hades, who's plotting to take over Mount Olympus!",Zero to Hero!,Released,en,False,False,"[""hades"",""musical"",""peasant"",""animation"",""aftercreditsstinger"",""olympus"",""hercules""]",True
12155,tt1014759,Alice in Wonderland,Alice in Wonderland,2010,2010-03-03,108.0,"[""Family"",""Fantasy"",""Adventure""]","[""Walt Disney Pictures"",""Team Todd"",""Tim Burton Productions"",""Roth Films"",""Zanuck Company, The""]","[""United States of America""]","[""English""]",Alice in Wonderland Collection,17.285093,6.4,4773,6.3881,200000000,1025491110,"Alice, an unpretentious and individual 19-year-old, is betrothed to a dunce of an English nobleman. At her engagement party, she escapes the crowd to consider whether to go through with the marriage and falls down a hole in the garden after spotting an unusual rabbit. Arriving in a strange and surreal place called 'Underland,' she finds herself in a world that resembles the nightmares she had as a child, filled with talking animals, villainous queens and knights, and frumious bandersnatches. Alice realizes that she is there for a reason – to conquer the horrific Jabberwocky and restore the rightful queen to her throne.",You're invited to a very important date.,Released,en,False,False,"[""based on novel"",""fictional place"",""queen"",""fantasy"",""alice in wonderland"",""fantasy world"",""3d""]",True
12227,tt0103247,White Fang,White Fang,1991,1991-01-18,107.0,"[""Action"",""Adventure"",""Drama"",""Family""]","[""Walt Disney Pictures"",""Silver Screen Partners IV"",""Hybrid Productions Inc.""]","[""United States of America""]","[""English""]",White Fang Collection,12.318052,6.5,139,6.2944,14000000,34793160,Jack London's classic adventure story about the friendship developed between a Yukon gold hunter and the mixed dog-wolf he rescues from the hands of a man who mistreats him.,"Where civilization ends, their journey begins.",Released,en,False,False,"[""based on novel"",""gold"",""treasure"",""coffin"",""human animal relationship"",""friendship"",""alaska"",""shootout"",""dog"",""prospector"",""klondike"",""yukon"",""boy dog relationship"",""gold miner""]",False
12233,tt0095776,Oliver & Company,Oliver & Company,1988,1988-11-18,74.0,"[""Animation"",""Comedy"",""Family""]","[""Walt Disney Pictures"",""Silver Screen Partners III""]","[""United States of America""]","[""English""]",,10.813579,6.5,372,6.3657,31000000,74151346,"This animated take on Oliver Twist re-imagines Oliver as an adorable orphaned kitten who struggles to survive in New York City and falls in with a band of canine criminals led by an evil human. First, Oliver meets Dodger, a carefree mutt with street savoir faire. But when Oliver meets wealthy Jenny on one of the gang's thieving missions, his life changes forever.",The first Disney movie with attitude.,Released,en,False,False,"[""new york city"",""kitten"",""great dane""]",False
12242,tt0279967,Mulan II,Mulan II,2004,2004-11-03,79.0,"[""Animation"",""Comedy"",""Family"",""Action""]","[""Walt Disney Pictures"",""DisneyToon Studios"",""SD Entertainment""]","[""Hong Kong"",""Japan"",""Kazakhstan"",""Malaysia"",""Russia"",""Singapore"",""South Korea"",""Taiwan"",""United States of America""]","[""English""]",Mulan Collection,7.424487,6.0,450,6.0797,0,0,"Fa Mulan gets the surprise of her young life when her love, Captain Li Shang asks for her hand in marriage. Before the two can have their happily ever after, the Emperor assigns them a secret mission, to escort three princesses to Chang'an, China. Mushu is determined to drive a wedge between the couple after he learns that he will lose his guardian job if Mulan marries into the Li family.",She's primped. She's engaged. She's back.,Released,en,False,False,"[""arranged marriage"",""musical"",""escape"",""ancient china""]",False
12448,tt0257778,The Hunchback of Notre Dame II,The Hunchback of Notre Dame II,2002,2002-02-05,68.0,"[""Adventure"",""Animation"",""Family"",""Romance""]","[""Walt Disney Pictures"",""Walt Disney Television Animation"",""Walt Disney Animation Japan""]","[""United States of America""]","[""Français"",""English""]",The Hunchback of Notre Dame Collection,7.758492,5.1,156,5.8231,0,0,"Now that Frollo is gone, Quasimodo rings the bell with the help of his new friend and Esmeralda's and Phoebus' little son, Zephyr. But when Quasi stops by a traveling circus owned by evil magician Sarousch, he falls for Madellaine, Sarouch's assistant.",Miracles Do Happen and True Love Can Come True,Released,en,False,False,"[""clock tower"",""robbery"",""wretch"",""sequel"",""travelling circus"",""bell ringing""]",False
12559,tt0116311,First Kid,First Kid,1996,1996-08-30,101.0,"[""Comedy"",""Family""]","[""Walt Disney Pictures"",""Caravan Pictures""]","[""United States of America""]","[""English"",""Français"",""Español""]",,6.510437,5.3,28,6.1224,0,0,"Some say that to be the leader of a country is one of the loneliest jobs in the world. But being the child of a world leader can be doubly so. Constantly surrounded by security officers, restricted in movements and having almost every waking moment carefully monitored makes normalcy an impossibility. No one knows this better than young Luke Davenport, the son of U.S. President Davenport. He vents his loneliness, frustration and feelings of isolation from family and friends by being a brat to his private Secret Service agent. When the agent snaps from the strain in front of the First Lady, a new agent is assigned to Luke. He turns out to be the enormous Sam Simms, a bit of a rogue who managed to rise through the ranks by sheer determination rather than strict adherence to Secret-Service protocol. At first, Luke tries all his old tricks upon Sam. But instead of getting angry, Sam seems to actually understand.",He's young. He's wild. He's fun. And he's the one protecting the president's son.,Released,en,False,False,"[""date"",""transporter"",""assassination"",""white house"",""usa president"",""bodyguard""]",True
13053,tt0397892,Bolt,Bolt,2008,2008-11-21,98.0,"[""Animation"",""Family"",""Adventure"",""Comedy""]","[""Walt Disney Animation Studios""]","[""United States of America""]","[""English""]",,15.580915,6.3,1798,6.2856,150000000,309979994,"Bolt is the star of the biggest show in Hollywood. The only problem is, he thinks it's real. After he's accidentally shipped to New York City and separated from Penny, his beloved co-star and owner, Bolt must harness all his ""super powers"" to find a way home.",Fully Awesome. Ridonculous. Let It Begin.,Released,en,False,False,"[""hamster"",""kids and family"",""animal"",""cat vs dog"",""duringcreditsstinger"",""dog cat friendship"",""animal lead"",""girl dog relationship""]",True
13179,tt0823671,Tinker Bell,Tinker Bell,2008,2008-10-27,78.0,"[""Animation"",""Family"",""Adventure"",""Fantasy""]","[""DisneyToon Studios"",""Walt Disney Animation Studios"",""Prana Animation Studios""]","[""India"",""United States of America""]","[""English""]",Tinker Bell Collection,9.066971,6.5,319,6.3542,48000000,0,"Journey into the secret world of Pixie Hollow and hear Tinker Bell speak for the very first time as the astonishing story of Disney's most famous fairy is finally revealed in the all-new motion picture ""Tinker Bell.""",Enter the world of fairies,Released,en,False,False,"[""to tinker"",""fairy"",""spring"",""engineering"",""gardening""]",True
13374,tt0396652,Ice Princess,Ice Princess,2005,2005-03-17,98.0,"[""Drama"",""Comedy"",""Family""]","[""Walt Disney Pictures"",""Bridget Johnson Films"",""Skate Away Productions""]","[""United States of America"",""Canada""]","[""English""]",,9.313354,5.9,189,6.0835,25000000,27645491,"With the help of her coach, her parents, and the boy who drives the Zamboni machine, nothing can stop Casey (Trachtenberg) from realizing her dream to be a champion figure skater.",,Released,en,False,False,"[""sport"",""figure skating"",""teenage girl"",""teen movie"",""teenager""]",False
13378,tt0424279,Mickey's Twice Upon a Christmas,Mickey's Twice Upon a Christmas,2004,2004-01-01,68.0,"[""Animation"",""Family""]","[""Walt Disney Pictures"",""DisneyToon Studios""]","[""United States of America""]","[""English""]",Mickey's Upon a Christmas Collection,5.512528,7.1,58,6.3451,0,0,"Santa Claus, Mickey Mouse and all his Disney pals star in an original movie about the importance of opening your heart to the true spirit of Christmas. Stubborn old Donald tries in vain to resist the joys of the season, and Mickey and Pluto learn a great lesson about the power of friendship.",,Released,en,False,False,"[""holiday"",""woman director""]",True
13380,tt0089731,One Magic Christmas,One Magic Christmas,1985,1985-11-22,88.0,"[""Family"",""Fantasy""]","[""Walt Disney Pictures"",""Telefilm Canada"",""Silver Screen Partners II""]","[""Canada"",""United States of America""]","[""English"",""Italiano""]",,11.890036,5.7,15,6.1754,0,0,"Ginny Grainger, a young mother, rediscovers the joy and beauty of Christmas, thanks to the unshakable faith of her six-year-old daughter Abbie and Gideon, Ginny's very own guardian angel.",,Released,en,False,False,"[""holiday"",""mother daughter relationship"",""christmas""]",False
13417,tt0401398,Kronk's New Groove,Kronk's New Groove,2005,2005-12-05,72.0,"[""Animation"",""Comedy"",""Family""]","[""Walt Disney Pictures"",""Toon City""]","[""United States of America""]","[""English""]",The Emperor's New Groove Collection,7.680092,6.0,233,6.1121,0,0,"Kronk, now chef and Head Delivery Boy of Mudka's Meat Hut, is fretting over the upcoming visit of his father. Kronk's father always disapproved of young Kronk's culinary interests and wished that Kronk instead would settle down with a wife and a large house on a hill.",,Released,en,False,False,"[""competition"",""friendship"",""sequel"",""kids and family""]",True
13493,tt0997047,College Road Trip,College Road Trip,2008,2008-03-07,83.0,"[""Comedy"",""Family""]","[""Walt Disney Pictures""]","[""United States of America""]","[""English""]",,6.640014,5.0,91,5.9201,0,68397662,"When an overachieving high school student decides to travel around the country to choose the perfect college, her overprotective cop father also decides to accompany her in order to keep her on the straight and narrow.",,Released,en,False,False,"[""road trip""]",True
13654,tt0324941,101 Dalmatians II: Patch's London Adventure,101 Dalmatians II: Patch's London Adventure,2003,2003-01-21,70.0,"[""Animation"",""Family""]","[""Walt Disney Pictures"",""Walt Disney Television Animation""]","[""United States of America""]","[""English""]",101 Dalmatians (Animated) Collection,10.398905,5.7,231,5.982,0,0,"Being one of 101 takes its toll on Patch, who doesn't feel unique. When he's accidentally left behind on moving day, he meets his idol, Thunderbolt, who enlists him on a publicity campaign.",A New Hero Unleashed.,Released,en,False,False,"[""sequel"",""number in title"",""dog"",""dalmatian"",""aftercreditsstinger""]",False
13680,tt0492956,The Game Plan,The Game Plan,2007,2007-09-28,110.0,"[""Comedy"",""Family""]","[""Walt Disney Pictures"",""Mayhem Pictures"",""Monkey Dance Productions""]","[""United States of America""]","[""English""]",,9.627676,6.0,434,6.0814,22000000,147880543,"Bachelor football star Joe Kingman seems to have it all. He is wealthy and carefree, and his team is on the way to capturing a championship. Suddenly, he is tackled by some unexpected news: He has a young daughter, the result of a last fling with his ex-wife. Joe must learn to balance his personal and professional lives with the needs of his child.","Half his size, twice the trouble ... and she's moving in.",Released,en,False,False,"[""american football"",""bachelor"",""sports team"",""sport"",""aerobics"",""tween girl"",""publicist""]",True
13682,tt0407121,Pooh's Heffalump Movie,Pooh's Heffalump Movie,2005,2005-02-11,68.0,"[""Animation"",""Family""]","[""Walt Disney Pictures""]","[""United States of America""]","[""English""]",,10.096263,6.3,91,6.2226,0,0,"Who or what exactly is a Heffalump? The lovable residents of the Hundred Acre Wood -- Winnie the Pooh, Rabbit, Tigger, Eeyore, Kanga and the rest of the pack -- embark on a journey of discovery in search of the elusive Heffalump. But as is always the case, this unusual road trip opens their eyes to so much more than just the creature they're seeking.",There's something new in the Hundred Acre Wood.,Released,en,False,False,[],True
13691,tt0323642,Piglet's Big Movie,Piglet's Big Movie,2003,2003-03-16,75.0,"[""Animation"",""Family""]","[""Walt Disney Pictures""]","[""United States of America""]","[""English""]",,8.516475,6.1,76,6.1791,0,0,"When the gang from the Hundred Acre Wood begin a honey harvest, young Piglet is excluded and told that he is too small to help. Feeling inferior, Piglet disappears and his pals Eeyore, Rabbit, Tigger, Roo and Winnie the Pooh must use Piglet's scrapbook as a map to find him. In the process they discover that this very small animal has been a big hero in a lot of ways.",A tale you'll never forget.,Released,en,False,False,[],True
13700,tt0299172,Home on the Range,Home on the Range,2004,2004-04-02,76.0,"[""Animation"",""Family""]","[""Walt Disney Pictures""]","[""United States of America""]","[""普通话"",""English""]",,8.555544,5.7,405,5.9124,110000000,103951461,"When a greedy outlaw schemes to take possession of the ""Patch Of Heaven"" dairy farm, three determined cows, a karate-kicking stallion and a colorful corral of critters join forces to save their home. The stakes are sky-high as this unlikely animal alliance risk their hides and match wits with a mysterious band of bad guys.",Bust a Moo,Released,en,False,False,"[""farm"",""cow"",""animal""]",False
13761,tt0143808,Pocahontas II: Journey to a New World,Pocahontas II: Journey to a New World,1998,1998-08-04,72.0,"[""Adventure"",""Animation"",""Romance"",""Family""]","[""Walt Disney Pictures""]","[""United States of America""]","[""English""]",Pocahontas Collection,8.763892,4.9,297,5.5528,0,0,"When news of John Smith's death reaches America, Pocahontas is devastated. She sets off to London with John Rolfe, to meet with the King of England on a diplomatic mission: to create peace and respect between the two great lands. However, Governor Ratcliffe is still around; he wants to return to Jamestown and take over. He will stop at nothing to discredit the young princess.",,Released,en,False,False,[],True
13767,tt0452681,The Santa Clause 3: The Escape Clause,The Santa Clause 3: The Escape Clause,2006,2006-11-01,98.0,"[""Comedy"",""Family"",""Adventure""]","[""Walt Disney Pictures"",""Boxing Cat Films"",""Outlaw Productions (I)"",""Santa Frost Productions""]","[""United States of America""]","[""English""]",The Santa Clause Collection,6.829528,5.0,241,5.665,12000000,84500122,"Now that Santa and Mrs. Claus have the North Pole running smoothly, the Counsel of Legendary Figures has called an emergency meeting on Christmas Eve! The evil Jack Frost has been making trouble, looking to take over the holiday! So he launches a plan to sabotage the toy factory and compel Scott to invoke the little-known Escape Clause and wish he'd never become Santa.",His time at the North Pole is about to go South.,Released,en,False,False,"[""holiday"",""sequel"",""duringcreditsstinger"",""christmas""]",True
13768,tt0283084,Tuck Everlasting,Tuck Everlasting,2002,2002-10-11,90.0,"[""Drama"",""Family"",""Fantasy"",""Romance"",""Science Fiction""]","[""Walt Disney Pictures""]","[""United States of America""]","[""English"",""Français""]",,5.951492,6.4,133,6.2608,15000000,19158074,"Natalie Babbitt's award winning book for children comes to the screen in a lavish adaptation from Walt Disney Pictures. Winnie Foster (Alexis Bledel) is a girl in her early teens growing up in the small rural town of Winesap in 1914. Winnie's parents (Victor Garber and Amy Irving) are loving but overprotective, and Winnie longs for a life of greater freedom and adventure.","If you could choose to live forever, would you?",Released,en,False,False,"[""fountain of youth"",""based on novel"",""secret"",""immortality"",""forest"",""woods"",""teenage crush"",""teenage girl"",""teenage boy"",""mysterious stranger""]",True
13836,tt1075417,Race to Witch Mountain,Race to Witch Mountain,2009,2009-03-12,98.0,"[""Adventure"",""Family"",""Fantasy"",""Science Fiction"",""Thriller"",""Action""]","[""Walt Disney Pictures"",""Gunn Films""]","[""United States of America""]","[""English""]",,8.176147,5.4,520,5.6924,50000000,106303988,"A taxi driver gets more than he bargained for when he picks up two teen runaways. Not only does the pair possess supernatural powers, but they're also trying desperately to escape people who have made them their targets.",The race is on,Released,en,False,False,"[""mountain"",""spacecraft"",""laser"",""teleportation"",""telekinesis"",""alien"",""military"",""duringcreditsstinger"",""supernatural power""]",True
13850,tt0038969,Song of the South,Song of the South,1946,1946-11-12,91.0,"[""Family"",""Music""]","[""Walt Disney Pictures""]","[""United States of America""]","[""English""]",,4.045635,6.9,69,6.3302,0,0,Uncle Remus draws upon his tales of Brer Rabbit to help little Johnny deal with his confusion over his parents' separation as well as his new life on the plantation.,Here Comes The Zip-A-Dee-Doo-Dah Show!,Released,en,False,False,"[""southern""]",False
13962,tt0109287,Blank Check,Blank Check,1994,1994-02-11,93.0,"[""Comedy"",""Family""]","[""Walt Disney Pictures""]","[""United States of America""]","[""English""]",,12.960346,5.1,87,5.9521,13000000,0,"Bullied by his siblings and nagged by his parents, 11-year-old Preston is fed up with his family -- especially their frugality. But he gets his chance to teach them a lesson when a money-laundering criminal nearly bulldozes Preston with his car and gives the boy a blank check as compensation. Preston makes the check out for $1 million and goes on a spending spree he'll never forget. Maybe now, his family will take him seriously!",Quick thinking landed him a million bucks... now everybody's after it!,Released,en,False,False,[],False
13965,tt0095993,Return to Snowy River,Return to Snowy River,1988,1988-03-24,110.0,"[""Adventure"",""Drama"",""Action"",""Western"",""Family""]","[""Walt Disney Pictures"",""Burrowes Film Group"",""Hoyts Film Partnership""]","[""Australia""]","[""English""]",The Man From Snowy River Collection,0.652283,6.0,10,6.1927,0,0,"After a few years trying to earn money to marry Jessica Harrison (Sigrid Thornton), Jim Craig (Tom Burlinson) returns to Snowy River. But he finds that a lot of things have changed.",The man is back!,Released,en,False,False,"[""horseback riding"",""horse"",""horse whisperer"",""australia"",""sequel""]",True
14160,tt1049413,Up,Up,2009,2009-05-13,96.0,"[""Animation"",""Comedy"",""Family"",""Adventure""]","[""Pixar Animation Studios""]","[""United States of America""]","[""English""]",,19.330884,7.8,7048,7.7346,175000000,735099082,"Carl Fredricksen spent his entire life dreaming of exploring the globe and experiencing life to its fullest. But at age 78, life seems to have passed him by, until a twist of fate (and a persistent 8-year old Wilderness Explorer named Russell) gives him a new lease on life.",,Released,en,False,False,"[""age difference"",""central and south america"",""balloon"",""animation"",""floating in the air"",""duringcreditsstinger"",""exploring""]",True
14405,tt1014775,Beverly Hills Chihuahua,Beverly Hills Chihuahua,2008,2008-10-03,91.0,"[""Adventure"",""Comedy"",""Family""]","[""Walt Disney Pictures""]","[""United States of America""]","[""English""]",Beverly Hills Chihuahua Collection,9.569765,4.9,217,5.6539,20000000,149281606,"A pampered Beverly Hills chihuahua named Chloe who, while on vacation in Mexico with her owner Viv's niece, Rachel, gets lost and must rely on her friends to help her get back home before she is caught by a dognapper who wants to ransom her.",50% Warrior. 50% Lover. 100% Chihuahua.,Released,en,False,False,"[""dog dirt"",""chihuahua"",""pinata"",""potted plant"",""duringcreditsstinger""]",True
14635,tt0265662,The Rookie,The Rookie,2002,2002-03-25,127.0,"[""Drama"",""Family""]","[""Walt Disney Pictures"",""Gran Via Productions"",""98 MPH Productions""]","[""United States of America""]","[""English""]",,10.991137,6.5,112,6.2809,20000000,75597042,"Jim Morris never made it out of the minor leagues before a shoulder injury ended his pitching career twelve years ago. Now a married-with-children high-school chemistry teacher and baseball coach in Texas, Jim's team makes a deal with him: if they win the district championship, Jim will try out with a major-league organization. The bet proves incentive enough for the team, and they go from worst to first, making it to state for the first time in the history of the school. Jim, forced to live up to his end of the deal, is nearly laughed off the try-out field--until he gets onto the mound, where he confounds the scouts (and himself) by clocking successive 98 mph fastballs, good enough for a minor-league contract with the Tampa Bay Devil Rays. Jim's still got a lot of pitches to throw before he makes it to The Show, but with his big-league dreams revived, there's no telling where he could go.",Sometimes dreams come back to life.,Released,en,False,False,"[""father son relationship"",""baseball"",""sports team"",""sport"",""life's dream"",""growing up""]",True
14819,tt0110006,Heavyweights,Heavyweights,1995,1995-02-17,100.0,"[""Comedy"",""Family"",""Drama""]","[""Walt Disney Pictures"",""Caravan Pictures""]","[""United States of America""]","[""English""]",,9.546707,6.0,97,6.1505,0,17689177,"Camp Hope is a summer retreat for overweight boys run by a kindly couple who make the campers feel comfortable with their extra pounds. But when tyrannical fitness guru Tony buys the camp, he puts the kids on a cruel regimen that goes too far. Sick of the endless weeks of ""all work and no play,"" the kids stage a coup and reclaim their summer of fun.",They don't run the fastest. They don't jump the highest. But they sure are getting the last laugh. Heavyweights. They never met a hot dog they didn't like ... until now.,Released,en,False,False,"[""overweight"",""summer camp""]",False
14873,tt0283426,The Jungle Book 2,The Jungle Book 2,2003,2003-02-07,72.0,"[""Family"",""Animation"",""Adventure""]","[""Walt Disney Pictures"",""Walt Disney Television Animation"",""Walt Disney Animation Australia"",""DisneyToon Studios""]","[""Australia"",""United States of America""]","[""English""]",The Jungle Book Collection,10.605851,5.6,278,5.911,20000000,135680000,"Mowgli, missing the jungle and his old friends, runs away from the man village unaware of the danger he's in by going back to the wild.",Feel the jungle beat,Released,en,False,False,"[""river"",""musical"",""tiger"",""village"",""feral child"",""sequel"",""bear"",""jungle"",""orphan"",""vulture"",""gong"",""lost"",""shake"",""mango""]",True
14885,tt0457437,Pooh's Heffalump Halloween Movie,Pooh's Heffalump Halloween Movie,2005,2005-09-13,67.0,"[""Animation"",""Family""]","[""Walt Disney Pictures""]","[""United States of America""]","[""English""]",,2.568495,5.4,7,6.1809,0,0,"It's Halloween in the 100 Acre Wood, and Roo's best new friend, Lumpy, is looking forward to his first time trick-or-treating. That is, until Tigger warns them about the scary Gobloon, who'll turn them into jack-o'-lanterns if he catches them. But if Roo and Lumpy turn the tables on the Gobloon, they get to make a wish! Lumpy and Roo decide to be ""brave together, brave forever"" and catch the Gobloon so they can make their wishes come true.",Celebrate Lumpy's First Halloween.,Released,en,False,False,"[""halloween"",""winnie the pooh""]",False
15081,tt0057579,The Three Lives of Thomasina,The Three Lives of Thomasina,1963,1963-12-11,97.0,"[""Fantasy"",""Drama"",""Thriller"",""Science Fiction"",""Mystery"",""Family""]","[""Walt Disney Pictures""]","[""United States of America""]","[""English"",""Français""]",,2.09685,6.8,12,6.2223,0,0,"Thomasina is the pet cat of Mary McDhui, the daughter of Scottish veterinarian Andrew McDhui. When Thomasina falls ill, McDhui declares that the pet should be put down. But when Mary and her father try to bury the cat, Lori MacGregor (Susan Hampshire), who is said to be a witch, shows up and attempts to steal it.","I Am Thomasina — A Most Unusual Cat ... They Say I'm Enchanted, and I Am!",Released,en,False,False,[],True
15300,tt0104990,Newsies,Newsies,1992,1992-04-10,121.0,"[""Drama"",""Music"",""Family""]","[""Walt Disney Pictures"",""Touchwood Pacific Partners 1""]","[""United States of America""]","[""English""]",,4.095602,6.2,66,6.1993,15000000,0,"A week in the life of the exploited, child newspaper sellers in turn-of-the-century New York. When their publisher, Joseph Pulitzer, tries to squeeze a little more profit out of their labours, they organize a strike, only to be confronted with the Pulitzer's hard-ball tactics.",A Thousand Voices. A Single Dream.,Released,en,False,False,"[""juvenile crime"",""child empowerment"",""brawl"",""boy singer"",""name change"",""slingshot"",""juvenile detention""]",True
15487,tt0388980,The Greatest Game Ever Played,The Greatest Game Ever Played,2005,2005-09-30,120.0,"[""Drama"",""Family""]","[""Walt Disney Pictures""]","[""United States of America""]","[""English""]",,6.969342,6.9,112,6.3897,25000000,15431177,"A biopic of 20-year-old Francis Ouimet who defeated his golfing idol and 1900 US Open Champion, Harry Vardon.",Based on a True Story,Released,en,False,False,"[""sport""]",True
15655,tt0220099,The Tigger Movie,The Tigger Movie,2000,2000-02-11,77.0,"[""Animation"",""Family""]","[""Walt Disney Pictures""]","[""United States of America""]","[""English""]",,7.023414,6.3,146,6.2322,30000000,45554533,"As it happens, everybody - Pooh, Piglet, Eeyore, Roo, Rabbit, Owl - is busy preparing a suitable winter home for Eeyore. When everything they do seems to get undone by Tigger's exuberant bouncing, Rabbit suggest Tigger go outside and find other tiggers to bounce with - a notion Tigger finds ridiculous because, after all, he's ""the onliest one"" Or is he?",,Released,en,False,False,"[""owl"",""donkey"",""tiger"",""piglet"",""bear"",""rabbit"",""woman director""]",False
15657,tt0437503,Tarzan II,Tarzan II,2005,2005-06-13,72.0,"[""Adventure"",""Animation"",""Family""]","[""Walt Disney Pictures""]","[""United States of America""]","[""English""]",Tarzan (Animation) Collection,6.668987,6.0,231,6.1125,0,0,"Experience the beginning of the legend with Disney's Tarzan Ⅱ, a hilarious, all-new, animated motion picture loaded with laughs, irresistible new songs by Phil Collins, and the inspired voice talent of Glenn Close, George Carlin, and Emmy Award winner Brad Garrett. Before he was King of the Jungle, Tarzan was an awkward young kid just trying to fit in. When one of his missteps puts his family in jeopardy, Tarzan decides they would be better off without him. His thrilling new journey brings him face to face with the mysterious Zugor, the most powerful force in the land. Together, Tarzan and Zugor discover that being different is not a weakness and that friends and family are the greatest strength of all. This action-packed adventure is sure to delight the entire family. Get ready to GO APE over Disney's wild, new Tarzan Ⅱ.",The Legend Begins,Released,en,False,False,"[""tarzan""]",False
15789,tt0113198,A Goofy Movie,A Goofy Movie,1995,1995-04-07,78.0,"[""Romance"",""Animation"",""Family"",""Comedy"",""Adventure""]","[""Walt Disney Pictures""]","[""United States of America""]","[""English""]",A Goofy Movie Collection,10.177977,6.7,404,6.4866,0,35348597,"Though Goofy always means well, his amiable cluelessness and klutzy pratfalls regularly embarrass his awkward adolescent son, Max. When Max's lighthearted prank on his high-school principal finally gets his longtime crush, Roxanne, to notice him, he asks her on a date. Max's trouble at school convinces Goofy that he and the boy need to bond over a cross-country fishing trip like the one he took with his dad when he was Max's age, which throws a kink in his son's plans to impress Roxanne.",It's the story of a father who couldn't be closer...to driving his son crazy.,Released,en,False,False,"[""father son relationship"",""pop singer"",""musical"",""celebrity"",""road trip"",""dead mother"",""first love"",""goofy""]",False
15947,tt0038166,The Three Caballeros,The Three Caballeros,1944,1944-07-21,71.0,"[""Animation"",""Family"",""Music""]","[""Walt Disney Pictures""]","[""United States of America""]","[""English"",""Português"",""Español""]",Caballeros Collection,8.702472,6.2,108,6.1994,0,0,"For Donald's birthday he receives a box with three gifts inside. The gifts, a movie projector, a pop-up book, and a pinata, each take Donald on wild adventures through Mexico and South America.",,Released,en,False,False,"[""part live action"",""south america"",""pinata"",""live action and animation""]",True
16084,tt0076054,Freaky Friday,Freaky Friday,1976,1976-12-17,95.0,"[""Fantasy"",""Comedy"",""Family""]","[""Walt Disney Pictures""]","[""United States of America""]","[""English""]",,8.977922,6.3,64,6.2169,0,0,"School girl Annabel is hassled by her mother, and Mrs. Andrews is annoyed with her daughter, Annabel. They both think that the other has an easy life. On a normal Friday morning, both complain about each other and wish they could have the easy life of their daughter/mother for just one day and their wishes come true as a bit of magic puts Annabel in Mrs. Andrews' body and vice versa. They both have a Freaky Friday.","Annabel and her Mother are not quite themselves today - in fact, they're each other!",Released,en,False,False,[],False
16508,tt0187819,Doug's 1st Movie,Doug's 1st Movie,1999,1999-03-26,77.0,"[""Animation"",""Family"",""Comedy""]","[""Walt Disney Pictures""]","[""United States of America""]","[""English""]",,2.924948,5.4,22,6.1446,0,0,Doug and his pal Skeeter set's out to find the monster of Lucky Duck Lake. Though things get really out of hand when some one blurts out that the monster is real.,You'll Dig Doug!,Released,en,False,False,"[""journalism"",""dance"",""daydream"",""friendship"",""pollution"",""cartoon"",""number in title"",""kids and family"",""valentine""]",True
16690,tt0280030,Return to Never Land,Return to Never Land,2002,2002-02-14,72.0,"[""Adventure"",""Fantasy"",""Animation"",""Family""]","[""Walt Disney Pictures"",""Walt Disney Television Animation"",""Walt Disney Animation Australia"",""DisneyToon Studios"",""Walt Disney Animation Canada""]","[""Australia"",""Canada"",""United States of America""]","[""English""]",Peter Pan Collection,8.759774,6.1,304,6.1493,20000000,109862682,"The classic tale of 'Peter Pan' continues in Disney's sequel 'Return to Never Land'. In 1940 on a world besieged by World War II, Wendy, now grown up, has two children, one of them is her daughter, Jane.",The Classic Continues,Released,en,False,False,"[""animation""]",True
17037,tt0155753,I'll Be Home for Christmas,I'll Be Home for Christmas,1998,1998-11-12,86.0,"[""Comedy"",""Family""]","[""Walt Disney Pictures""]","[""United States of America""]","[""English""]",,3.366048,5.2,65,6.0212,30000000,0,"Estranged from his father, college student Jake is lured home to New York for Christmas with the promise of receiving a classic Porsche as a gift. When the bullying football team dumps him in the desert in a Santa suit, Jake is left without identification or money to help him make the journey. Meanwhile, his girlfriend, Allie, does not know where he is, and accepts a cross-country ride from Jake's rival, Eddie.",Somewhere between L.A. and N.Y. Jake found the meaning of Christmas.,Released,en,False,False,"[""holiday"",""woman director"",""christmas""]",False
17979,tt1067106,A Christmas Carol,A Christmas Carol,2009,2009-11-04,96.0,"[""Animation"",""Drama""]","[""Walt Disney Pictures"",""ImageMovers""]","[""United States of America""]","[""English""]",,12.869273,6.6,1137,6.5163,200000000,325233863,"Miser Ebenezer Scrooge is awakened on Christmas Eve by spirits who reveal to him his own miserable existence, what opportunities he wasted in his youth, his current cruelties, and the dire fate that awaits him if he does not change his ways. Scrooge is faced with his own story of growing bitterness and meanness, and must decide what his own future will hold: death or redemption.",Season's Greedings,Released,en,False,False,"[""holiday"",""based on novel"",""victorian england"",""money"",""christmas eve"",""scrooge"",""christmas carol"",""ghost"",""lesson"",""charles dickens"",""christmas""]",True
18126,tt1114677,Hannah Montana: The Movie,Hannah Montana: The Movie,2009,2009-04-10,102.0,"[""Comedy"",""Drama"",""Family"",""Music"",""Romance""]","[""Walt Disney Pictures"",""It's a Laugh Productions"",""Millar Gough Ink""]","[""United States of America""]","[""English""]",,6.332878,6.0,465,6.0781,35000000,155545279,"When Miley Stewart (aka pop-star Hannah Montana) gets too caught up in the superstar celebrity lifestyle, her dad decides it's time for a total change of scenery. But sweet nibblets! Miley must trade in all the glitz and glamour of Hollywood for some ol' blue jeans on the family farm in Tennessee, and question if she can be both Miley Stewart and Hannah Montana. With a little help from her friends – and awesome guest stars Taylor Swift, Rascal Flatts and Vanessa Williams – will she figure out whether to choose Hannah or Miley?",She has the best of both worlds...now she has to choose just one.,Released,en,False,False,"[""double life"",""pop star"",""musical"",""tennessee"",""teenage girl"",""teen movie"",""teenager"",""hometown"",""famous""]",True
18269,tt0249677,Lady and the Tramp II: Scamp's Adventure,Lady and the Tramp II: Scamp's Adventure,2001,2001-02-18,69.0,"[""Romance"",""Animation"",""Family"",""Adventure""]","[""Walt Disney Pictures"",""Walt Disney Animation Australia"",""DisneyToon Studios"",""Walt Disney Television Animation""]","[""Australia"",""United States of America""]","[""English""]",Lady and the Tramp Collection,9.672521,6.0,256,6.1075,0,0,"Lady and Tramp's mischievous pup, Scamp, gets fed up with rules and restrictions imposed on him by life in a family, and longs for a wild and free lifestyle. He runs away from home and into the streets where he joins a pack of stray dogs known as the ""Junkyard Dogs."" Buster, the pack's leader, takes an instant disliking to the ""house-dog"" and considers him a rival. Angel, a junkyard pup Scamp's age, longs for the safety and comfort of life in a family and the two become instant companions. Will Scamp choose the wild and free life of a stray or the unconditional love of his family?",,Released,en,False,False,"[""initiation"",""cartoon dog"",""dogcatcher"",""dog pound"",""firefly"",""runaway child""]",False
18357,tt0276033,The Country Bears,The Country Bears,2002,2002-07-26,88.0,"[""Adventure"",""Comedy"",""Family""]","[""Walt Disney Pictures""]","[""United States of America""]","[""English""]",,7.007574,4.3,20,6.0805,35000000,0,"For Beary Barrington, The Country Bears' young #1 fan, fitting in with his all-too-human family is proving im-paws-ible. When he runs away to find Country Bear Hall and his heroes, he discovers the venue that made them famous is near foreclosure. Beary hightails it over the river and through the woods to get the Bears in the Band back together for an all-out reunion concert to save Country Bear Hall.",It's A Bear Getting The Family Together!,Released,en,False,False,"[""human animal relationship"",""musical"",""clowning"",""bear"",""social satire"",""aftercreditsstinger"",""duringcreditsstinger""]",True
18736,tt0306841,The Lizzie McGuire Movie,The Lizzie McGuire Movie,2003,2003-04-25,94.0,"[""Family"",""Comedy""]","[""Walt Disney Pictures"",""Teen Life Productions""]","[""United States of America""]","[""Italiano"",""English""]",,6.730857,5.8,292,6.0023,17000000,55534455,"Lizzie McGuire has graduated from middle school and takes a trip to Rome, Italy.",The only risk in taking an adventure is not taking it at all.,Released,en,False,False,[],False
19186,tt0055277,The Parent Trap,The Parent Trap,1961,1961-06-12,129.0,"[""Comedy"",""Family""]","[""Walt Disney Pictures""]","[""United States of America""]","[""English""]",Parent Trap Collection,5.807074,6.8,92,6.3402,0,0,"Hayley Mills plays twins who, unknown to their divorced parents, meet at a summer camp. Products of single parent households, they switch places (surprise!) so as to meet the parent they never knew, and then contrive to reunite them.",,Released,en,False,False,"[""deception"",""twins""]",True
19585,tt0436339,G-Force,G-Force,2009,2009-07-21,88.0,"[""Fantasy"",""Action"",""Adventure"",""Family"",""Comedy""]","[""Walt Disney Pictures"",""Jerry Bruckheimer Films"",""Whamaphram Productions""]","[""United States of America""]","[""English""]",,9.163791,5.1,519,5.5026,150000000,292817841,"A team of trained secret agent animals, guinea pigs Darwin, Juarez, Blaster, mole Speckles, and fly Mooch takes on a mission for the US government to stop evil Leonard Saber, who plans to destroy the world with household appliances. But the government shuts them down and they are sentenced to a pet shop. Can they escape to defeat the villain and save the world?",The world needs bigger heroes,Released,en,False,False,"[""dyr"",""duringcreditsstinger""]",True
19766,tt0301454,Inspector Gadget 2,Inspector Gadget 2,2003,2003-03-11,89.0,"[""Action"",""Adventure"",""Comedy"",""Family""]","[""Walt Disney Pictures"",""Fountain Films""]","[""Australia""]","[""English""]",Inspector Gadget Collection,10.923985,3.9,92,5.6596,12000000,0,"After capturing Claw, all the criminals have gone into hiding until, Claw escapes! Gadget thinks he will get the case, but everyone else has other planes. A new version of the Gadget project is unveiled in the form of G2. Strict orders are given for Gadget to stay away from G2 and every crime scene, but Gadget feels he is needed more than anyone.",Inspect the unexpected.,Released,en,False,False,"[""cyborg"",""gadget"",""sequel"",""based on cartoon""]",True
20277,tt0061135,The Ugly Dachshund,The Ugly Dachshund,1966,1966-02-16,93.0,"[""Comedy"",""Drama"",""Family""]","[""Walt Disney Pictures""]","[""United States of America""]","[""English""]",,2.159291,6.4,27,6.2157,0,0,"The Garrisons (Dean Jones and Suzanne Pleshette) are the ""proud parents"" of three adorable dachshund pups -- and one overgrown Great Dane named Brutus, who nevertheless thinks of himself as a dainty dachsie. His identity crisis results in an uproarious series of household crises that reduce the Garrisons' house to shambles -- and viewers to howls of laughter!",A HAPPY HONEYMOON GOES TO THE DOGS!...When a Great Dane disguised as a Dachsie crashes the party!,Released,en,False,False,"[""great dane"",""dachshund""]",True
20526,tt1104001,TRON: Legacy,TRON: Legacy,2010,2010-12-10,125.0,"[""Adventure"",""Action"",""Science Fiction""]","[""Walt Disney Pictures"",""LivePlanet"",""Prana Studios"",""Sean Bailey Productions"",""Revolution Sun Studios"",""Kontsept Film Company""]","[""United States of America""]","[""English""]",TRON Collection,21.259,6.3,2895,6.2905,170000000,400062763,"Sam Flynn, the tech-savvy and daring son of Kevin Flynn, investigates his father's disappearance and is pulled into The Grid. With the help of a mysterious program named Quorra, Sam quests to stop evil dictator Clu from crossing into the real world.",The Game Has Changed.,Released,en,False,False,"[""artificial intelligence"",""secret identity"",""computer program"",""dystopia"",""computer"",""deception"",""duel"",""motorcycle"",""neon light"",""autocracy""]",True
20735,tt0120317,That Darn Cat,That Darn Cat,1997,1997-02-14,89.0,"[""Comedy"",""Family""]","[""Walt Disney Pictures""]",[],"[""English"",""Français""]",,1.496999,3.9,11,6.1178,0,0,"While making his nightly rounds in the neighborhood, Patti's pet cat D.C. finds himself the carrier of a call for help from a kidnap victim. Patti enlists skeptical law enforcement help to find the victim before it's too late.","This FBI agent is purring his life on the line. Fortunately, he's got nine.",Released,en,False,False,[],True
20737,tt0118570,Air Bud,Air Bud,1997,1997-08-01,98.0,"[""Comedy"",""Family"",""Drama""]","[""Walt Disney Pictures""]","[""Canada"",""United States of America""]","[""English""]",Air Bud Collection,9.407128,5.3,108,5.9611,3000000,23144499,"A young boy and a talented stray dog with an amazing basketball playing ability become instant friends. Rebounding from his father's accidental death, 12-year-old Josh Framm moves with his family to the small town of Fernfield, Washington. The new kid in town, Josh has no friends and is too shy to try out for the school basketball team. Instead he prefers to practice alone on an abandoned court, he befriends a runaway golden retriever named Buddy. Josh is amazed when he realizes that Buddy loves basketball...that is playing basketball...and he is GOOD! Josh eventually makes the school team and Buddy is named the Team Mascot. Josh and Buddy become the stars of halftime. Buddy's half-time talent draws media attention. Unfortunately, when Buddy's mean former owner, Norm Snively, comes along with a scheme to cash in on the pup's celebrity, it looks like they are going to be separated.",He Sits. He Stays. He Shoots. He Scores.,Released,en,False,False,"[""clown"",""golden retriever"",""dog actor""]",False
20760,tt0457993,Lilo & Stitch 2: Stitch has a Glitch,Lilo & Stitch 2: Stitch has a Glitch,2005,2005-01-29,68.0,"[""Animation"",""Comedy"",""Family""]","[""Walt Disney Pictures""]","[""United States of America""]","[""English""]",Lilo & Stitch Collection,10.971661,6.3,246,6.2446,0,0,"Now, we find the rowdy extraterrestrial getting used to life with his new ohana. However, a malfunction in the ultimate creation of Dr. Jumba soon emerges, which reinstates his destructive programming and threatens to both ruin his friendship with Lilo and to short him out for good!",,Released,en,False,False,[],False
21385,tt0371823,"Mickey, Donald, Goofy: The Three Musketeers","Mickey, Donald, Goofy: The Three Musketeers",2004,2004-08-04,68.0,"[""Adventure"",""Animation"",""Comedy"",""Family""]","[""Walt Disney Pictures"",""DisneyToon Studios""]","[""United States of America""]","[""English""]",,7.673021,6.3,162,6.2345,0,0,"In Disney's take on the Alexander Dumas tale, Mickey Mouse, Donald Duck and Goofy want nothing more than to perform brave deeds on behalf of their queen (Minnie Mouse), but they're stymied by the head Musketeer, Pete. Pete secretly wants to get rid of the queen, so he appoints Mickey and his bumbling friends as guardians to Minnie, thinking such a maneuver will ensure his scheme's success. The score features songs based on familiar classical melodies.",All for fun and fun for all,Released,en,False,False,"[""mickey mouse"",""musketeer"",""donald duck"",""pegleg pete"",""minnie mouse"",""pluto"",""goofy"",""daisy duck""]",True
21970,tt0081738,The Watcher in the Woods,The Watcher in the Woods,1980,1980-04-17,83.0,"[""Fantasy"",""Horror"",""Science Fiction"",""Thriller""]","[""Walt Disney Pictures""]","[""United Kingdom"",""United States of America""]","[""English"",""Deutsch""]",,9.003838,6.4,40,6.2228,0,5000000,"No sooner does an all-American family takes possession of a baronial English manor when all manner of peculiar things occurring, including signs that point to the disappearance of a young girl during a solar eclipse decades before. Bette Davis headlines and Lynn-Holly Johnson co-stars in this suspenseful take on haunted houses.",Scared of going into the woods? You should be ...,Released,en,False,False,"[""country house"",""solar eclipse"",""haunted house"",""past""]",True
22559,tt0417415,Aliens of the Deep,Aliens of the Deep,2005,2005-01-21,47.0,"[""Action"",""Documentary"",""Science Fiction""]","[""Walt Disney Pictures"",""Walden Media""]","[""United States of America""]","[""English""]",,1.924682,6.8,19,6.2349,0,0,"James Cameron teams up with NASA scientists to explore the Mid-Ocean Ridge, a submerged chain of mountains that band the Earth and are home to some of the planet's most unique life forms.",,Released,en,False,False,"[""deep sea""]",False
22949,tt0976238,Old Dogs,Old Dogs,2009,2009-11-24,88.0,"[""Comedy"",""Family""]","[""Walt Disney Pictures"",""Tapestry Films""]","[""United States of America""]","[""English"",""Український""]",,9.52295,5.2,215,5.782,35000000,92219310,"Charlie and Dan have been best friends and business partners for thirty years; their Manhattan public relations firm is on the verge of a huge business deal with a Japanese company. With two weeks to sew up the contract, Dan gets a surprise: a woman he married on a drunken impulse nearly nine years before (annulled the next day) shows up to tell him he's the father of her twins, now seven, and she'll be in jail for 14 days for a political protest. Dan volunteers to keep the tykes, although he's up tight and clueless. With Charlie's help is there any way they can be dad and uncle, meet the kids' expectations, and still land the account?",Life is Not Child-Proof.,Released,en,False,False,"[""japanese"",""camp"",""best friend"",""co-worker"",""kids"",""duringcreditsstinger"",""sports marketing firm""]",True
23438,tt0103262,Wild Hearts Can't Be Broken,Wild Hearts Can't Be Broken,1991,1991-05-24,88.0,"[""Drama"",""Family""]","[""Walt Disney Pictures""]","[""United States of America""]","[""English"",""Pусский""]",,6.254895,7.4,25,6.2915,0,0,"A runaway orphan, young Sonora, persists in a menial job mucking stables in Doc Carver's travelling stunt show. Her great wish is to become a death-defying ""diving girl,"" but Doc refuses her pleas. Undaunted, Sonora's gutsy resolve finally convinces him to give her a break. On the brink of stardom, however, a cruel twist of fate threatens to destroy her dream.",,Released,en,False,False,"[""horseback riding"",""horse"",""great depression"",""romance"",""orphan"",""blindness"",""runaway teen""]",True
24034,tt0350194,Teacher's Pet,Teacher's Pet,2004,2004-01-16,74.0,"[""Animation"",""Drama"",""Family"",""Music""]","[""Walt Disney Pictures"",""Walt Disney Television Animation""]","[""United States of America""]","[""English""]",,0.491334,5.5,2,6.1945,10000000,0,"Spot (Lane) is a dog who can talk and read. Posing as a human, he sneaks into school with his master Leonard (Flemming). Educational adventures ensue",A musical tail about one dog's dream of becoming a boy,Released,en,False,False,[],True
24767,tt0110157,Iron Will,Iron Will,1994,1994-01-14,108.0,"[""Adventure"",""Drama"",""Family""]","[""Walt Disney Pictures""]","[""United States of America""]","[""English""]",,9.074631,6.2,52,6.1993,0,0,"When Will Stoneman's father dies, he is left alone to take care of his mother and their land. Needing money to maintain it, he decides to join a cross country dogsled race. This race will require days of racing for long hours, through harsh weather and terrain. This young man will need a lot of courage and a strong will to complete this race.",,Released,en,False,False,[],False
24793,tt0176892,A Knight in Camelot,A Knight in Camelot,1998,1998-11-08,90.0,"[""Adventure"",""Fantasy"",""Comedy"",""Science Fiction"",""Family""]","[""Walt Disney Pictures""]","[""United States of America""]","[""English""]",,9.062226,5.1,25,6.1146,0,0,"Yet another variation on Mark Twain's ""A Connecticut Yankee At King Arthur's Court."" Here, a computer malfunction causes a science researcher to be sent back in time with her laptop, which she uses to amaze the court.",,Released,en,False,False,"[""experiment"",""time travel"",""knight"",""king arthur""]",False
24795,tt0109127,Angels in the Outfield,Angels in the Outfield,1994,1994-07-15,102.0,"[""Fantasy"",""Drama"",""Comedy"",""Family""]","[""Walt Disney Pictures"",""Caravan Pictures""]","[""United States of America""]","[""English"",""Français"",""Italiano"",""Español""]",,10.892812,5.7,124,6.0532,0,50236831,"Roger is a foster child whose irresponsible father promises to get his act together when Roger's favourite baseball team, the California Angels, wins the pennant. The problem is that the Angels are in last place, so Roger prays for help to turn the team around. Sure enough, his prayers are answered in the form of angel Al.",Ya Gotta Believe!,Released,en,False,False,"[""baseball""]",False
24808,tt0086336,Something Wicked This Way Comes,Something Wicked This Way Comes,1983,1983-04-29,95.0,"[""Fantasy"",""Mystery"",""Thriller""]","[""Walt Disney Pictures"",""Bryna Productions""]","[""United States of America""]","[""English""]",,3.985819,6.6,38,6.2442,19000000,5656087,"In a small American town, a diabolical circus arrives, granting wishes for the townsfolk, but twisted as only the esteemed Mr. Dark can make them. Can two young boys overcome the worst the devil himself can deal out?",What would you give a man who could make your deepest dreams come true?,Released,en,False,False,"[""circus"",""witch"",""based on novel"",""lightning"",""dream"",""maze"",""elephant"",""clown"",""carnival"",""spider"",""black magic"",""boy"",""decapitation"",""storm"",""tarantula"",""gothic"",""sideshow"",""child murder"",""autumn"",""lightning rod""]",False
24982,tt0297144,Ghosts of the Abyss,Ghosts of the Abyss,2003,2003-04-10,92.0,"[""Documentary""]","[""Walt Disney Pictures"",""Walden Media"",""Earthship Productions""]","[""Mexico"",""United States of America""]","[""English""]",,4.835446,7.1,39,6.3028,13000000,17040871,"Academy Award® winning director and master storyteller James Cameron journeys back to the site of his greatest inspiration, the legendary wreck of the Titanic. With a team of the world's foremost historic and marine experts and friend Bill Paxton, he embarks on an unscripted adventure back to the final grave where nearly 1,500 souls lost their lives almost a century ago.",The legend no one can forget has become the greatest adventure ever filmed.,Released,en,False,False,"[""diving"",""expedition"",""shipwreck"",""titanic"",""underwater"",""oceanic expedition"",""imax""]",False
25059,tt0116552,Homeward Bound II: Lost in San Francisco,Homeward Bound II: Lost in San Francisco,1996,1996-03-08,89.0,"[""Adventure"",""Comedy"",""Drama"",""Family""]","[""Walt Disney Pictures""]","[""Canada"",""United States of America""]",[],Homeward Bound Collection,14.657754,6.0,105,6.1475,0,32709423,"Your favorite talking animals are back! The film focuses on the further adventures of Shadow (voiced by Ralph Waite), Sassy (voiced by Sally Field), and Chance (voiced by Michael J. Fox). Shadow is the old, wise one and presumably the leader of the three. Sassy is the smart-aleck of the bunch, but helpful in times as well. Chance is the young, anxious one who usually gets into trouble and relies o",Your favorite talking animals are back!,Released,en,False,False,[],False
25441,tt0063341,Never a Dull Moment,Never a Dull Moment,1968,1968-06-26,99.0,"[""Action"",""Comedy"",""Family""]","[""Walt Disney Pictures""]","[""United States of America""]","[""English""]",,1.942718,6.3,2,6.1998,0,0,"When practicing for a role, actor Jack is mistaken for the killer Ace. He doesn't realize this until it's too late and is carried off to gangster boss Leo Smooth, who wants Ace to do a job for him. Fearing for his life, Jack plays his role, but always searching for a way out of the well-guarded house. - By: Tom Zoerner",They're having such a wonderful crime!,Released,en,False,False,"[""artwork"",""mistaken identity"",""spectacle""]",False
25445,tt0061749,The Happiest Millionaire,The Happiest Millionaire,1967,1967-06-26,172.0,"[""Comedy"",""Drama"",""Family"",""Music""]","[""Walt Disney Pictures""]","[""United States of America""]","[""English""]",,3.395277,5.8,8,6.1888,0,0,"A happy and unbelievably lucky young Irish immigrant, John Lawless, lands a job as the butler of an unconventional millionaire, Biddle. His daughter, Cordelia Drexel Biddle, tires of the unusual antics of her father--especially since the nice young men around town all fear him. Wouldn't you fear a father-in-law that keeps alligators for pets and teaches boxing at his daily Bible classes?",,Released,en,False,False,[],False
25475,tt1216516,Tinker Bell and the Lost Treasure,Tinker Bell and the Lost Treasure,2009,2009-09-03,81.0,"[""Animation"",""Family"",""Adventure"",""Fantasy""]","[""DisneyToon Studios"",""Walt Disney Animation Studios"",""Prana Animation Studios""]","[""India"",""United States of America""]","[""English""]",Tinker Bell Collection,10.200558,6.4,230,6.2863,0,0,"A blue harvest moon will rise, allowing the fairies to use a precious moonstone to restore the Pixie Dust Tree, the source of all their magic. But when Tinker Bell accidentally puts all of Pixie Hollow in jeopardy, she must venture out across the sea on a secret quest to set things right.",Adventure beyond Pixie Hollow,Released,en,False,False,"[""friendship"",""based on children's book"",""anger issues"",""inspired by novel""]",True
26264,tt0322389,George of the Jungle 2,George of the Jungle 2,2003,2003-08-18,87.0,"[""Adventure"",""Comedy"",""Family""]","[""Walt Disney Pictures""]","[""Australia"",""United States of America""]","[""English""]",George of the Jungle Collection,11.885797,3.9,97,5.6374,0,0,"George and Ursula now have a son, George Junior, so Ursula's mother arrives to try and take them back to ""civilization"".",Watch Out For That Sequel!,Released,en,False,False,[],True
26441,tt0112499,The Big Green,The Big Green,1995,1995-09-29,100.0,"[""Action"",""Adventure"",""Comedy"",""Family""]","[""Walt Disney Pictures"",""Caravan Pictures""]","[""United States of America""]","[""English"",""Deutsch""]",,5.982764,5.2,41,6.079,0,0,"In a depressed Texas town, British foreign exchange teacher Anna attempts to inject some life into her hopeless kids by introducing them to soccer. They're terrible at first, but Anna and her football-hero assistant whip them into shape. As they work overtime, the pair help kids build their self-esteem and also get involved in solving family squabbles.",The biggest kick of the year!,Released,en,False,False,"[""sport"",""kids and family"",""soccer"",""woman director""]",False
27022,tt0963966,The Sorcerer's Apprentice,The Sorcerer's Apprentice,2010,2010-07-13,109.0,"[""Fantasy"",""Adventure"",""Action"",""Comedy"",""Drama""]","[""Walt Disney Pictures"",""Jerry Bruckheimer Films"",""Saturn Films"",""Broken Road Productions"",""Junction Entertainment""]","[""United States of America""]","[""English""]",,12.533525,5.9,1526,5.9491,150000000,215283742,"Balthazar Blake is a master sorcerer in modern-day Manhattan trying to defend the city from his arch-nemesis, Maxim Horvath. Balthazar can't do it alone, so he recruits Dave Stutler, a seemingly average guy who demonstrates hidden potential, as his reluctant protégé. The sorcerer gives his unwilling accomplice a crash course in the art and science of magic, and together, these unlikely partners work to stop the forces of darkness.",It's The Coolest Job Ever.,Released,en,False,False,"[""witch"",""fire"",""wolf"",""fountain"",""magic"",""book"",""castle"",""water"",""apprentice"",""training"",""merlin"",""love"",""mission"",""sorcerer"",""dragon"",""aftercreditsstinger"",""apprendista"",""morgana""]",True
27281,tt0114048,Operation Dumbo Drop,Operation Dumbo Drop,1995,1995-07-28,107.0,"[""Action"",""Adventure"",""Comedy"",""Family""]","[""Walt Disney Pictures"",""Interscope Communications""]","[""United States of America""]","[""English"",""Tiếng Việt""]",,4.357971,4.7,37,6.0346,0,0,"Five Green Berets stationed in Vietnam in 1968 grudgingly undertake the mission of a lifetime -- to secretly transport an 8,000-pound elephant through 200 miles of rough jungle terrain. High jinks prevail when Capt. Sam Cahill promises the Montagnard villagers of Dak Nhe that he'll replace their prized elephant in time for an important ritual. But for Capt. T.C. Doyle, the mission becomes a jumbo-sized headache!",A Top-Secret Mission Of Gigantic Proportions!,Released,en,False,False,[],False
27621,tt1013542,The Cheetah Girls: One World,The Cheetah Girls: One World,2008,2008-08-22,90.0,"[""Comedy"",""Drama"",""Family"",""Music"",""TV Movie""]","[""Walt Disney Pictures"",""Disney Channel""]","[""United States of America""]","[""English""]",The Cheetah Girls Collection,3.127143,4.9,64,5.9707,0,0,"Chanel, Dorinda, and Aqua, are off to India to star in a Bollywood movie. But when there they discover that they will have to compete against each other to get the role in the movie. Will the Cheetah's break up again?",What if only one star can shine?,Released,en,False,False,"[""female friendship"",""sequel"",""rivalry"",""bollywood"",""india"",""girl group"",""based on young adult novel""]",False
29228,tt0065566,The Computer Wore Tennis Shoes,The Computer Wore Tennis Shoes,1969,1969-12-29,91.0,"[""Comedy"",""Family""]","[""Walt Disney Pictures""]","[""United States of America""]","[""English""]",Dexter Riley Collection,4.044429,5.8,28,6.1651,0,0,"Some college students manage to persuade the town's big businessman, A. J. Arno, to donate a computer to their college. When the problem- student, Dexter Riley, tries to fix the computer, he gets an electric shock and his brain turns to a computer; now he remembers everything he reads. Unfortunately, he also remembers information which was in the computer's memory, like Arno's illegal businesses..",,Released,en,False,False,[],False
34549,tt0273799,Max Keeble's Big Move,Max Keeble's Big Move,2001,2001-10-05,86.0,"[""Comedy"",""Family"",""Fantasy"",""Science Fiction""]","[""Walt Disney Pictures"",""Karz Entertainment""]","[""United States of America""]","[""English""]",,2.828884,5.4,33,6.12,12000000,17292381,"Max Keeble, the victim of his 7th grade class, plots revenge when he learns he's moving; it backfires when he doesn't move after all.",His World. His Rules.,Released,en,False,False,[],True
34723,tt0106223,The Adventures of Huck Finn,The Adventures of Huck Finn,1993,1993-04-02,108.0,"[""Action"",""Adventure"",""Drama"",""Family""]","[""Walt Disney Pictures""]","[""United States of America""]","[""English"",""Français"",""Deutsch"",""Pусский""]",,4.048513,6.2,43,6.1993,6500000,0,"Climb aboard for an extraordinary version of Mark Twain's sweeping adventure when Walt Disney presents The Adventures of Huck Finn, starring Elijah Wood (The Lord of the Rings). Directed by Stephen Sommers (The Mummy, The Mummy Returns), it's the unforgettable saga of a mischievous youngster and a runaway slave",For anyone who has ever dreamed of running away from it all,Released,en,False,False,"[""southern accent"",""wanted man"",""lynch mob"",""reflection in water"",""lesson"",""nosebleed"",""bloodhound"",""fake accent"",""grave digging""]",True
36797,tt0120029,RocketMan,RocketMan,1997,1997-10-10,95.0,"[""Comedy"",""Family"",""Science Fiction""]","[""Walt Disney Pictures"",""Caravan Pictures""]","[""United States of America""]","[""English""]",,5.345663,5.4,36,6.1135,16000000,0,"Fred Z. Randall is geeky and obnoxious spacecraft designer, who gets the chance to make his dream come true and travel to Mars as a member of the first manned flight there.",He's just taking up space!,Released,en,False,False,"[""astronaut"",""chimpanzee""]",False
37108,tt0113538,A Kid in King Arthur's Court,A Kid in King Arthur's Court,1995,1995-08-11,89.0,"[""Adventure"",""Fantasy"",""Comedy"",""Science Fiction"",""Family""]","[""Walt Disney Pictures"",""Trimark Pictures""]",[],"[""English""]",,5.874511,4.3,40,5.9757,0,0,"A Southern California kid named Calvin Fuller is magically transported to the medieval kingdom of Camelot through a crack in the ground caused by an earthquake. Once there, he learns he was summoned by the wizard Merlin, who needs Calvin to save Camelot. Using dazzling modern inventions, can Calvin help King Arthur retain his crown and thwart the evil Lord Belasco?",Joust Do It.,Released,en,False,False,"[""time travel"",""kids"",""medieval times""]",True
37135,tt0120855,Tarzan,Tarzan,1999,1999-06-18,88.0,"[""Adventure"",""Animation"",""Drama"",""Family""]","[""Walt Disney Pictures""]","[""United States of America""]","[""English""]",Tarzan (Animation) Collection,12.453452,7.1,1715,6.9659,150000000,448000000,"Tarzan was a small orphan who was raised by an ape named Kala since he was a child. He believed that this was his family, but on an expedition Jane Porter is rescued by Tarzan. He then finds out that he's human. Now Tarzan must make the decision as to which family he should belong to...",An immortal legend. As you've only imagined.,Released,en,False,False,"[""gorilla"",""baby"",""adoption"",""feral child"",""nest"",""animation"",""jungle"",""camp"",""orphan""]",True
37933,tt0495596,Tales from Earthsea,ゲド戦記,2006,2006-07-29,115.0,"[""Adventure"",""Fantasy"",""Animation"",""Science Fiction""]","[""Walt Disney Pictures"",""Studio Ghibli"",""Hakuhodo DY Media Partners"",""Mitsubishi"",""Nibariki"",""GNDHDDT"",""Nippon Television Network (NTV)""]","[""Japan""]","[""日本語""]",,9.409701,6.5,278,6.3439,22000000,68000000,"Something bizarre has come over the land. The kingdom is deteriorating. People are beginning to act strange... What's even more strange is that people are beginning to see dragons, which shouldn't enter the world of humans. Due to all these bizarre events, Ged, a wandering wizard, is investigating the cause. During his journey, he meets Prince Arren, a young distraught teenage boy. While Arren may look like a shy young teen, he has a severe dark side, which grants him strength, hatred, ruthlessness and has no mercy, especially when it comes to protecting Teru. For the witch Kumo this is a perfect opportunity. She can use the boy's ""fears"" against the very one who would help him, Ged.","Once Man and Dragon were one. Man chose Land and Sea, Dragon chose Wind and Fire.",Released,ja,False,False,"[""based on novel"",""magic"",""fantasy"",""dragon"",""cuentos"",""terramar"",""anime""]",False
37969,tt0057180,The Incredible Journey,The Incredible Journey,1963,1963-11-20,80.0,"[""Adventure"",""Family""]","[""Walt Disney Pictures""]","[""Canada"",""United States of America""]","[""English""]",,1.791587,6.3,22,6.206,0,0,"The story of three pets, a cat and two dogs, who lose their owners when they are all on vacation. Can they find their way home?",Three against the wilderness... nothing could stop them - only instinct to guide them across 200 perilous miles of Canadian wilderness!,Released,en,False,False,"[""cat"",""bear"",""dog""]",False
38757,tt0398286,Tangled,Tangled,2010,2010-11-24,100.0,"[""Animation"",""Family""]","[""Walt Disney Pictures"",""Walt Disney Animation Studios""]","[""United States of America""]","[""English""]",Tangled Collection,14.684761,7.4,3419,7.3031,260000000,591794936,"When the kingdom's most wanted-and most charming-bandit Flynn Rider hides out in a mysterious tower, he's taken hostage by Rapunzel, a beautiful and feisty tower-bound teen with 70 feet of magical, golden hair. Flynn's curious captor, who's looking for her ticket out of the tower where she's been locked away for years, strikes a deal with the handsome thief and the unlikely duo sets off on an action-packed escapade, complete with a super-cop horse, an over-protective chameleon and a gruff gang of pub thugs.",They're taking adventure to new lengths.,Released,en,False,False,"[""hostage"",""magic"",""horse"",""fairy tale"",""musical"",""princess"",""animation"",""tower"",""blonde woman"",""selfishness"",""healing power"",""based on fairy tale"",""duringcreditsstinger"",""healing gift"",""animal sidekick""]",True
39486,tt1028576,Secretariat,Secretariat,2010,2010-08-20,123.0,"[""Drama""]","[""Walt Disney Pictures"",""Fast Track Productions"",""Mayhem Pictures""]","[""United States of America""]","[""English""]",,7.681383,6.8,103,6.3527,35000000,60251371,"Housewife and mother Penny Chenery agrees to take over her ailing father's Virginia-based Meadow Stables, despite her lack of horse-racing knowledge. Against all odds, Chenery - with the help of veteran trainer Lucien Laurin - manages to navigate the male-dominated business, ultimately fostering the first Triple Crown winner in 25 years.",The Impossible True Story,Released,en,False,False,"[""horse race"",""horseback riding"",""biography""]",True
40454,tt0060420,"Follow Me, Boys!","Follow Me, Boys!",1966,1966-12-01,131.0,"[""Drama"",""Family""]","[""Walt Disney Pictures""]","[""United States of America""]","[""English""]",,4.249146,4.9,7,6.1695,0,0,"Lem Siddons is part of a traveling band who has a dream of becoming a lawyer. Deciding to settle down, he finds a job as a stockboy in the general store of a small town. Trying to fit in, he volunteers to become scoutmaster of the newly formed Troop 1. Becoming more and more involved with the scout troop, he finds his plans to become a lawyer being put on the back burner, until he realizes that his life has been fulfilled helping the youth of the small town.",IT CAPTURES ALL...all the happiness and heartbreak of being America's #1 hometown hero.,Released,en,False,False,[],False
40490,tt0113755,Man of the House,Man of the House,1995,1995-03-03,96.0,"[""Action"",""Comedy"",""Family""]","[""Walt Disney Pictures""]",[],"[""English""]",,2.558118,5.1,40,6.0698,0,0,"Ben Archer is not happy. His mother, Sandy, has just met a man, and it looks like things are pretty serious. Driven by a fear of abandonment, Ben tries anything and everything to ruin the ""love bubble"" which surrounds his mom. However, after Ben and Jack's experiences in the Indian Guides, the two become much closer.",Jack wants to marry Ben's mother. But there are strings attached.,Released,en,False,False,[],False
40688,tt0120645,Meet the Deedles,Meet the Deedles,1998,1998-03-27,93.0,"[""Animation"",""Comedy"",""Family""]","[""Walt Disney Pictures""]",[],"[""English""]",,7.336354,4.1,19,6.0741,24000000,4562146,Two surfers end up as Yellowstone park rangers and have to stop a former ranger who is out for revenge.,Fish out of water...Surfers in Yellowstone,Released,en,False,False,[],False
41841,tt0111359,Tall Tale,Tall Tale,1995,1995-03-24,98.0,"[""Adventure""]","[""Walt Disney Pictures"",""Caravan Pictures""]","[""United States of America""]","[""English""]",,1.283015,6.6,15,6.2182,32000000,0,"A young boy draws on the inspiration of legendary western characters to find the strength to fight an evil land baron in the old west who wants to steal his family's farm and destroy their idyllic community. When Daniel Hackett sees his father Jonas gravely wounded by the villainous Stiles, his first urge is for his family to flee the danger, and give up their life on a farm which Daniel has come to despise anyway. Going alone to a lake to try to decide what to do, he falls asleep on a boat and wakes to find himself in the wild west, in the company of such ""tall tale"" legends as Pecos Bill, Paul Bunyan, John Henry and Calamity Jane. Together, they battle the same villains Daniel is facing in his ""real"" world, ending with a heroic confrontation in which the boy stands up to Stiles and his henchmen, and rallies his neighbors to fight back against land grabbers who want to destroy their town.",Sometime the hero ends up being you!,Released,en,False,False,[],True
42981,tt0113104,Frank and Ollie,Frank and Ollie,1995,1995-10-20,89.0,"[""Documentary""]","[""Walt Disney Pictures"",""Theodore Thomas Productions""]","[""United States of America""]",[],,0.142357,7.5,4,6.2163,0,0,"Before computer graphics, special effects wizardry, and out-of-this world technology, the magic of animation flowed from the pencils of two of the greatest animators The Walt Disney Company ever produced -- Frank Thomas and Ollie Johnston. Frank and Ollie, the talent behind BAMBI, PINOCCHIO, LADY AND THE TRAMP, THE JUNGLE BOOK, and others, set the standard for such modern-day hits as THE LION KING. It was their creative genius that helped make Disney synonymous with brilliant animation, magnificent music, and emotional storytelling. Take a journey with these extraordinary artists as they share secrets, insights, and the inspiration behind some of the greatest animated movies the world has ever known!",,Released,en,False,False,"[""film history"",""animation filmmaking""]",False
43643,tt0111701,White Fang 2: Myth of the White Wolf,White Fang 2: Myth of the White Wolf,1994,1994-04-15,106.0,"[""Action"",""Adventure"",""Drama"",""Family""]","[""Walt Disney Pictures""]","[""United States of America""]","[""English""]",White Fang Collection,1.819367,5.1,17,6.1402,0,0,"A boy and his dog, White Fang, must try to save the noble Haida tribe from evil white men in turn-of-the-century Alaska.",An Ancient Myth. A Land of Mystery. An Extraordinary Adventure.,Released,en,False,False,"[""adventure""]",False
44683,tt1216515,Tinker Bell and the Great Fairy Rescue,Tinker Bell and the Great Fairy Rescue,2010,2010-08-13,76.0,"[""Animation"",""Adventure"",""Family"",""Fantasy""]","[""DisneyToon Studios"",""Walt Disney Animation Studios"",""Prana Animation Studios""]","[""India"",""United States of America""]","[""English""]",Tinker Bell Collection,5.963431,6.3,225,6.2424,0,0,"During a summer stay on the mainland, Tinker Bell is accidentally discovered while investigating a little girl's fairy house. As the other fairies, led by the brash Vidia, launch a daring rescue in the middle of a fierce storm, Tink develops a special bond with the lonely, little girl.",,Released,en,False,False,"[""london england"",""flying"",""countryside"",""magic"",""fairy"",""fairy tale"",""peter pan"",""vacation"",""friends"",""growing up"",""rescue"",""summer"",""scientist"",""father daughter relationship"",""human"",""father daughter conflict"",""tinkerbell""]",True
45325,tt0112302,Tom and Huck,Tom and Huck,1995,1995-12-22,97.0,"[""Action"",""Adventure"",""Drama"",""Family""]","[""Walt Disney Pictures""]","[""United States of America""]","[""English"",""Deutsch""]",,2.561161,5.4,45,6.0949,0,0,"A mischievous young boy, Tom Sawyer, witnesses a murder by the deadly Injun Joe. Tom becomes friends with Huckleberry Finn, a boy with no future and no family. Tom has to choose between honoring a friendship or honoring an oath because the town alcoholic is accused of the murder. Tom and Huck go through several adventures trying to retrieve evidence.",The Original Bad Boys.,Released,en,False,False,[],True
49013,tt1216475,Cars 2,Cars 2,2011,2011-06-11,106.0,"[""Animation"",""Family"",""Adventure"",""Comedy""]","[""Walt Disney Pictures"",""Pixar Animation Studios""]","[""United States of America""]","[""English"",""日本語"",""Italiano"",""Français""]",Cars Collection,13.693002,5.8,2088,5.8501,200000000,559852396,Star race car Lightning McQueen and his pal Mater head overseas to compete in the World Grand Prix race. But the road to the championship becomes rocky as Mater gets caught up in an intriguing adventure of his own: international espionage.,Ka-ciao!,Released,en,False,False,"[""car race"",""sequel"",""comedy"",""anthropomorphism"",""best friend"",""duringcreditsstinger""]",True
49529,tt0401729,John Carter,John Carter,2012,2012-03-07,132.0,"[""Action"",""Adventure"",""Science Fiction""]","[""Walt Disney Pictures""]","[""United States of America""]","[""English""]",,14.670353,6.1,2170,6.112,260000000,284139100,"John Carter is a war-weary, former military captain who's inexplicably transported to the mysterious and exotic planet of Barsoom (Mars) and reluctantly becomes embroiled in an epic conflict. It's a world on the brink of collapse, and Carter rediscovers his humanity when he realizes the survival of Barsoom and its people rests in his hands.","Lost in our world, found in another.",Released,en,False,False,"[""based on novel"",""mars"",""medallion"",""space travel"",""princess"",""alien"",""steampunk"",""martian"",""escape"",""edgar rice burroughs"",""alien race"",""superhuman strength"",""mars civilization"",""sword and planet"",""19th century"",""3d""]",True
49948,tt0120910,Fantasia 2000,Fantasia 2000,1999,1999-12-17,74.0,"[""Animation"",""Family"",""Music""]","[""Walt Disney Pictures""]","[""United States of America""]","[""English""]",Fantasia Collection,14.972573,7.0,300,6.5996,80000000,90874570,"Blending lively music and brilliant animation, this sequel to the original 'Fantasia' restores 'The Sorcerer's Apprentice' and adds seven new shorts.",,Released,en,False,False,"[""orchestra"",""musical segments""]",False
50321,tt1305591,Mars Needs Moms,Mars Needs Moms,2011,2011-03-09,88.0,"[""Adventure"",""Animation"",""Family""]","[""Walt Disney Animation Studios""]","[""United States of America""]","[""English""]",,7.24717,5.6,202,5.9581,150000000,38992758,"When Martians suddenly abduct his mom, mischievous Milo rushes to the rescue and discovers why all moms are so special.",Mom needs a little space.,Released,en,False,False,"[""boy"",""alien"",""rescue"",""martian"",""alien abduction"",""alien invasion"",""based on children's book"",""duringcreditsstinger""]",True
51162,tt1449283,Winnie the Pooh,Winnie the Pooh,2011,2011-04-13,63.0,"[""Animation"",""Family""]","[""Walt Disney Pictures"",""Walt Disney Animation Studios""]","[""United States of America""]","[""English""]",,7.357682,6.8,263,6.4798,30000000,14460000,"During an ordinary day in Hundred Acre Wood, Winnie the Pooh sets out to find some honey. Misinterpreting a note from Christopher Robin, Pooh convinces Tigger, Rabbit, Piglet, Owl, Kanga, Roo, and Eeyore that their young friend has been captured by a creature named ""Backson"" and they set out to save him.",Oh Pooh.,Released,en,False,False,"[""owl"",""tiger"",""aftercreditsstinger"",""duringcreditsstinger""]",False
51588,tt1604171,Prom,Prom,2011,2011-04-29,104.0,"[""Comedy""]","[""Walt Disney Pictures"",""Rickshaw Productions""]","[""United States of America""]","[""English""]",,6.167646,5.7,139,6.0411,8000000,10130000,"At “Prom,” every couple has a story and no two are exactly alike. As the big dance approaches for Nova Prescott, it’s a battle of wills as she finds herself drawn to the guy who gets in the way of her perfect prom. Fellow seniors Mei and Tyler harbor secrets, while others face all the insecurity and anticipation that surrounds one of high school’s most seminal events.","There are hundreds of nights in high school, but there’s only one prom.",Released,en,False,False,"[""single parent"",""waitress"",""fountain"",""friendship"",""high school"",""prom"",""music fan""]",True
54540,tt1482393,Beverly Hills Chihuahua 2,Beverly Hills Chihuahua 2,2011,2011-02-01,93.0,"[""Family""]","[""Walt Disney Pictures""]","[""United States of America""]","[""Nederlands"",""English"",""Deutsch""]",Beverly Hills Chihuahua Collection,3.58087,5.4,60,6.066,0,12000000,"in Disney's Beverly Hills Chihuahua 2, the comedy that's a pack of outrageous fun for the whole family. Puppy mayhem turns the lives of newlywed Chihuahua parents Papi and Chloe upside down when their rambunctious, mischievous puppies present one challenge after another. But when their human owners end up in trouble, the tiny pups will stop at nothing to save them - because in good times and hard times, the family always sticks together. So Papi, Chloe and the puppies embark on a heroic adventure, proving once again that big heroes come in small packages. Featuring an all-star cast, including George Lopez (voice of Papi), and complete with a litter of bonus features, this heartwarming tale of the meaning of family, friendship and loyalty is a special breed of fun - times five.",The family just got bigger.,Released,en,False,False,[],False
56067,tt0068276,The Biscuit Eater,The Biscuit Eater,1972,1972-03-22,92.0,"[""Drama"",""Family""]","[""Walt Disney Pictures""]","[""United States of America""]","[""English""]",,0.001393,5.9,5,6.1943,0,0,"Nothing warms the heart like the story of a boy and his dog. Lonnie (Johnny Whitaker) and Text (George Spell) are two friends determined, against all odds, to turn a misfit hound into a hero. Tennessee farmer and dog trainer Harve McNeil (Earl Holliman) tells his son Lonnie that his dog, Moreover, is a good-for-nothing ""biscuit eater.""",,Released,en,False,False,"[""friendship"",""dog"",""racial harmony""]",False
57201,tt1210819,The Lone Ranger,The Lone Ranger,2013,2013-07-03,149.0,"[""Action"",""Adventure"",""Western""]","[""Walt Disney Pictures"",""Jerry Bruckheimer Films"",""Infinitum Nihil"",""Silver Bullet Productions (II)"",""Blind Wink Productions"",""Classic Media""]","[""United States of America""]","[""English""]",,12.729104,5.9,2361,5.9337,255000000,89289910,"The Texas Rangers chase down a gang of outlaws led by Butch Cavendish, but the gang ambushes the Rangers, seemingly killing them all. One survivor is found, however, by an American Indian named Tonto, who nurses him back to health. The Ranger, donning a mask and riding a white stallion named Silver, teams up with Tonto to bring the unscrupulous gang and others of that ilk to justice.",Never Take Off the Mask,Released,en,False,False,"[""texas"",""horse"",""survivor"",""texas ranger"",""partner"",""outlaw"",""escape"",""lawyer"",""train"",""lone ranger"",""comanche"",""the lone ranger"",""tonto""]",True
62177,tt1217209,Brave,Brave,2012,2012-06-21,93.0,"[""Animation"",""Adventure"",""Comedy"",""Family"",""Action"",""Fantasy""]","[""Walt Disney Pictures"",""Pixar Animation Studios""]","[""United States of America""]","[""English""]",,15.876341,6.7,4760,6.6703,185000000,538983207,"Brave is set in the mystical Scottish Highlands, where Mérida is the princess of a kingdom ruled by King Fergus and Queen Elinor. An unruly daughter and an accomplished archer, Mérida one day defies a sacred custom of the land and inadvertently brings turmoil to the kingdom. In an attempt to set things right, Mérida seeks out an eccentric old Wise Woman and is granted an ill-fated wish. Also figuring into Mérida’s quest — and serving as comic relief — are the kingdom’s three lords: the enormous Lord MacGuffin, the surly Lord Macintosh, and the disagreeable Lord Dingwall.",Change your fate.,Released,en,False,False,"[""scotland"",""rebel"",""bravery"",""kingdom"",""archer"",""wish"",""bear"",""scot"",""rebellious daughter"",""turns into animal"",""archery"",""ruins"",""aftercreditsstinger"",""peace offering"",""woman director"",""courage"",""3d""]",True
62211,tt1453405,Monsters University,Monsters University,2013,2013-06-20,104.0,"[""Animation"",""Family""]","[""Walt Disney Pictures"",""Pixar Animation Studios""]","[""United States of America""]","[""English""]","Monsters, Inc. Collection",16.267502,7.0,3622,6.9387,200000000,743559607,A look at the relationship between Mike and Sulley during their days at Monsters University — when they weren't necessarily the best of friends.,School never looked this scary.,Released,en,False,False,"[""monster"",""dormitory"",""games"",""animation"",""best friend"",""university"",""scary"",""aftercreditsstinger""]",True
64328,tt1204342,The Muppets,The Muppets,2011,2011-11-22,103.0,"[""Comedy"",""Family"",""Music""]","[""Walt Disney Pictures""]","[""United States of America""]","[""English""]",The Muppet Collection,10.214369,6.5,509,6.3884,45000000,165184237,"When Kermit the Frog and the Muppets learn that their beloved theater is slated for demolition, a sympathetic human, Gary, and his puppet roommate, Walter, swoop in to help the gang put on a show and raise the $10 million they need to save the day.",They're closer than you think.,Released,en,False,False,"[""musical"",""the muppets"",""robot"",""oil tycoon"",""studio tour"",""duringcreditsstinger""]",True
65158,tt0111271,Squanto: A Warrior's Tale,Squanto: A Warrior's Tale,1994,1994-10-28,102.0,"[""Drama"",""Family""]","[""Walt Disney Pictures""]","[""United States of America""]","[""English""]",,1.935006,6.1,7,6.1969,0,3337685,"Squanto is a high-born Indian warrior from a tribe on the Atlantic coast of North America which devotes its life to hunting and rivalry with a neighboring tribe. Everything changes forever after a ship arrives from England, prospecting the region's commercial potential for the rich Sir George, who uses all his wealth and influence only for ever greater profit. When it returns, several Indians find themselves captives on board, including Squanto. The arrogant Christians consider themselves utterly superior to the 'heathen savages' and treat them as brutally as they do beasts. Squanto fights a bear in a circus, not understanding how men can be so cruel to that creature either, and manages a spectacular escape, but where must he go? He finds shelter and help in a rural monastery, where it takes his protector some effort to prevent the others considering the unknown as diabolical. In time sir George's men come looking for him most brutally...",,Released,en,False,False,[],True
68728,tt1623205,Oz: The Great and Powerful,Oz: The Great and Powerful,2013,2013-03-07,130.0,"[""Fantasy"",""Adventure"",""Family""]","[""Walt Disney Pictures"",""Roth Films""]","[""United States of America""]","[""English""]",,11.137329,5.7,3576,5.7386,200000000,491868548,"Oscar Diggs, a small-time circus illusionist and con-artist, is whisked from Kansas to the Land of Oz where the inhabitants assume he's the great wizard of prophecy, there to save Oz from the clutches of evil.","In Oz, nothing is what it seems",Released,en,False,False,"[""circus"",""witch"",""magic"",""hope"",""illusion"",""lost"",""magic trick"",""wizard"",""3d""]",True
71689,tt1825918,Phineas and Ferb the Movie: Across the 2nd Dimension,Phineas and Ferb the Movie: Across the 2nd Dimension,2011,2011-08-05,78.0,"[""Animation"",""Comedy"",""Family"",""TV Movie""]","[""Walt Disney Pictures"",""Walt Disney Television Animation""]","[""United States of America""]","[""English""]",,5.506221,6.6,107,6.3045,0,0,"Perry's worst fear comes true when Phineas and Ferb finds out that he is in fact Secret Agent P, but that soon pales in comparison during a trip to the 2nd dimension where Perry finds out that Dr. Doofenshmirtz is truly evil and successful.","An adventure so big, one dimension isn't enough.",Released,en,False,False,"[""brother brother relationship"",""monster"",""one-sided love"",""secret agent"",""alternate dimension"",""growing up"",""mad scientist"",""based on tv series"",""dating"",""teenager"",""super villain"",""pet owner reunion"",""phineas and ferb""]",True
71805,tt0099816,Shipwrecked,Håkon Håkonsen,1990,1990-10-03,92.0,"[""Adventure"",""Family""]","[""Walt Disney Pictures"",""Filmkameratene A/S"",""Svensk Filmindustri (SF)""]","[""United States of America"",""Norway"",""Sweden""]","[""English"",""Norsk""]",,0.792706,6.1,14,6.1947,0,0,A young Norwegian boy in 1850s England goes to work as a cabin boy and discovers some of his shipmates are actually pirates.,,Released,en,False,False,"[""island"",""ship"",""pirate"",""sailor"",""cabin boy"",""19th century""]",False
71864,tt1462769,The Odd Life of Timothy Green,The Odd Life of Timothy Green,2012,2012-08-15,105.0,"[""Fantasy"",""Drama"",""Comedy"",""Family""]","[""Walt Disney Pictures""]","[""United States of America""]","[""English"",""Español""]",,5.426921,6.6,392,6.4262,0,51854875,"A childless couple bury a box in their backyard, containing all of their wishes for an infant. Soon, a child is born, though Timothy Green is not all that he appears.",He's a force of nature.,Released,en,False,False,"[""green"",""dodgeball"",""incredibile"",""timothy""]",True
73478,tt0056373,The Prince and the Pauper,The Prince and the Pauper,1962,1962-03-11,93.0,[],"[""Walt Disney Pictures""]","[""United States of America""]","[""Deutsch"",""English"",""Español""]",,0.01573,0.0,0,6.1992,0,0,"In the London of 1537, two boys resembling each other exactly meet accidentally and exchange ""roles"" for a short while. After many adventures, the prince regains his rightful identity and graciously makes his ""twin"" a ward of the court.",,Released,en,False,False,[],False
75258,tt1217213,Secret of the Wings,Secret of the Wings,2012,2012-08-17,92.0,"[""Animation"",""Family"",""Fantasy"",""Adventure""]","[""DisneyToon Studios"",""Walt Disney Animation Studios"",""Prana Animation Studios""]","[""India"",""United States of America""]","[""English""]",Tinker Bell Collection,9.32058,6.5,303,6.3503,0,0,Tinkerbell wanders into the forbidden Winter woods and meets Periwinkle. Together they learn the secret of their wings and try to unite the warm fairies and the winter fairies to help Pixie Hollow.,Two Worlds. One Magical Secret.,Released,en,False,False,"[""winter"",""fairy tale"",""cold"",""separation"",""duringcreditsstinger"",""woman director"",""fairies""]",True
77606,tt0323810,Right on Track,Right on Track,2003,2003-03-21,89.0,"[""Drama"",""Family"",""TV Movie""]","[""Walt Disney Pictures"",""Just Singer Entertainment""]","[""United States of America""]","[""English""]",,0.800038,5.4,7,6.1809,0,0,"Based a on a true story about two sisters who came out on top of a man's sport. The story is based on Erica and Courtney Enders, two sisters who get in to junior drag racing and make it all the way to the top. The two sisters fight a battle of fellow racers who are against having girls race with them therefore it pushes them harder to compete against their competition. Erica becomes stressed when her racing life becomes mixed with her social life and academic goals, and decided to quit racing, until she realizes racing is what she truly wants to do. Finally towards the end of their teen years the Enders sisters come out on top to win the junior drag racing national title. They continue to race throughout high school and college, and still do so today.",,Released,en,False,False,"[""sister sister relationship"",""biography"",""tv movie"",""disney channel"",""drag racing"",""drag racer""]",False
82690,tt1772341,Wreck-It Ralph,Wreck-It Ralph,2012,2012-11-01,108.0,"[""Family"",""Animation"",""Comedy"",""Adventure""]","[""Walt Disney Animation Studios""]","[""United States of America""]","[""English""]",Wreck-It Ralph Collection,13.697597,7.1,4656,7.0455,165000000,471222889,"Wreck-It Ralph is the 9-foot-tall, 643-pound villain of an arcade video game named Fix-It Felix Jr., in which the game's titular hero fixes buildings that Ralph destroys. Wanting to prove he can be a good guy and not just a villain, Ralph escapes his game and lands in Hero's Duty, a first-person shooter where he helps the game's hero battle against alien invaders. He later enters Sugar Rush, a kart racing game set on tracks made of candies, cookies and other sweets. There, Ralph meets Vanellope von Schweetz who has learned that her game is faced with a dire threat that could affect the entire arcade, and one that Ralph may have inadvertently started.",The story of a regular guy just looking for a little wreck-ognition.,Released,en,False,False,"[""support group"",""product placement"",""bullying"",""racing"",""arcade"",""medal"",""self esteem"",""curiosity"",""precocious child"",""aftercreditsstinger"",""duringcreditsstinger"",""first person shooter"",""glitch"",""carefree"",""video gamer"",""q*bert"",""interrupted wedding"",""social reject""]",True
92208,tt0250593,Mom's Got a Date With a Vampire,Mom's Got a Date With a Vampire,2000,2000-10-13,85.0,[],"[""Walt Disney Pictures""]","[""Canada"",""United States of America""]","[""English""]",,1.449806,5.4,24,6.14,0,0,"The Hansen kids are in a jam. Adam and his best friend Duffy have gotten their hands on some tickets for the Headless Horseman concert, and his sister Chelsea has a date with her dreamy boyfriend Peter. The only problem is they're both grounded. Chelsea and Adam will do whatever it takes to get their mom Lynette out of the house, even if it includes a chance meeting with a very mysterious man. Everything seems to go according to plan until their little brother Taylor realizes that this stranger might be a vampire.",,Released,en,False,False,[],True
102651,tt1587310,Maleficent,Maleficent,2014,2014-05-28,97.0,"[""Fantasy"",""Adventure"",""Action"",""Family"",""Romance""]","[""Walt Disney Pictures"",""Walt Disney Studios Motion Pictures"",""Roth Films""]","[""United States of America""]","[""English""]",,19.467404,7.0,4607,6.951,180000000,758539785,"The untold story of Disney's most iconic villain from the 1959 classic 'Sleeping Beauty'. A beautiful, pure-hearted young woman, Maleficent has an idyllic life growing up in a peaceable forest kingdom, until one day when an invading army threatens the harmony of the land.  Maleficent rises to be the land's fiercest protector, but she ultimately suffers a ruthless betrayal – an act that begins to turn her heart into stone. Bent on revenge, Maleficent faces an epic battle with the invading King's successor and, as a result, places a curse upon his newborn infant Aurora. As the child grows, Maleficent realizes that Aurora holds the key to peace in the kingdom - and to Maleficent's true happiness as well.",Don't believe the fairy tale.,Released,en,False,False,"[""fairy tale"",""villain"",""sleeping beauty"",""dark fantasy"",""based on fairy tale"",""adaptation"",""retelling"",""literary adaptation"",""3d""]",True
105864,tt1979388,The Good Dinosaur,The Good Dinosaur,2015,2015-11-14,93.0,"[""Adventure"",""Animation"",""Family""]","[""Walt Disney Pictures"",""Pixar Animation Studios""]","[""United States of America""]","[""English""]",,12.319595,6.6,1782,6.5422,175000000,331926147,An epic journey into the world of dinosaurs where an Apatosaurus named Arlo makes an unlikely human friend.,Little Arms With Big Attitude,Released,en,False,False,"[""tyrannosaurus rex"",""friends"",""alternate history"",""dinosaur"",""fear"",""storm"",""nature"",""human"",""journey""]",True
105965,tt2224075,Beverly Hills Chihuahua 3 - Viva La Fiesta!,Beverly Hills Chihuahua 3 - Viva La Fiesta!,2012,2012-09-03,89.0,"[""Comedy"",""Family""]","[""Walt Disney Pictures""]","[""United States of America""]","[""Nederlands"",""English"",""Deutsch"",""svenska""]",Beverly Hills Chihuahua Collection,4.01161,5.8,33,6.1596,0,0,"When Papi &amp; co move into a luxurious hotel, his youngest pup Rosa feels neglected and he must show her how special she is.",Family Always Matters,Released,en,False,False,[],False
109445,tt2294629,Frozen,Frozen,2013,2013-11-27,102.0,"[""Animation"",""Adventure"",""Family""]","[""Walt Disney Pictures"",""Walt Disney Animation Studios""]","[""United States of America""]","[""English""]",Frozen Collection,24.248243,7.3,5440,7.2425,150000000,1274219009,"Young princess Anna of Arendelle dreams about finding true love at her sister Elsa’s coronation. Fate takes her on a dangerous journey in an attempt to end the eternal winter that has fallen over the kingdom. She's accompanied by ice delivery man Kristoff, his reindeer Sven, and snowman Olaf. On an adventure where she will find out what friendship, courage, family, and true love really means.",Only the act of true love will thaw a frozen heart.,Released,en,False,False,"[""queen"",""musical"",""princess"",""betrayal"",""snowman"",""animation"",""reindeer"",""curse"",""snow"",""troll"",""mountain climber"",""aftercreditsstinger"",""woman director"",""3d""]",True
127380,tt2277860,Finding Dory,Finding Dory,2016,2016-06-16,97.0,"[""Adventure"",""Animation"",""Comedy"",""Family""]","[""Walt Disney Pictures"",""Pixar Animation Studios"",""Hurwitz Creative""]","[""United States of America""]","[""English""]",Finding Nemo Collection,14.477677,6.8,4333,6.7611,200000000,1028570889,Dory is reunited with her friends Nemo and Marlin in the search for answers about her past. What can she remember? Who are her parents? And where did she learn to speak Whale?,An unforgettable journey she probably won't remember.,Released,en,False,False,"[""fish"",""amnesia"",""sequel"",""animation"",""talking animal"",""anthropomorphism"",""underwater""]",False
140823,tt2140373,Saving Mr. Banks,Saving Mr. Banks,2013,2013-11-16,125.0,"[""Comedy"",""Drama"",""History""]","[""Walt Disney Pictures"",""BBC Films"",""Ruby Films"",""Essential Media & Entertainment"",""Hopscotch Features""]","[""Australia"",""United Kingdom"",""United States of America""]","[""English""]",,15.130888,7.3,1256,7.0878,35000000,112544580,Author P.L. Travers travels from London to Hollywood as Walt Disney Pictures adapts her novel Mary Poppins for the big screen.,"Where her book ended, their story began.",Released,en,False,False,"[""biography"",""animation"",""writer"",""film production""]",True
150540,tt2096673,Inside Out,Inside Out,2015,2015-06-09,94.0,"[""Drama"",""Comedy"",""Animation"",""Family""]","[""Walt Disney Pictures"",""Pixar Animation Studios""]","[""United States of America""]","[""English""]",,23.985587,7.9,6737,7.8275,175000000,857611174,"Growing up can be a bumpy road, and it's no exception for Riley, who is uprooted from her Midwest life when her father starts a new job in San Francisco. Like all of us, Riley is guided by her emotions - Joy, Fear, Anger, Disgust and Sadness. The emotions live in Headquarters, the control center inside Riley's mind, where they help advise her through everyday life. As Riley and her emotions struggle to adjust to a new life in San Francisco, turmoil ensues in Headquarters. Although Joy, Riley's main and most important emotion, tries to keep things positive, the emotions conflict on how best to navigate a new city, house and school.",Meet the little voices inside your head.,Released,en,False,False,"[""dream"",""cartoon"",""imaginary friend"",""animation"",""family"",""moving"",""kids"",""unicorn"",""duringcreditsstinger"",""3d"",""emotions""]",True
150689,tt1661199,Cinderella,Cinderella,2015,2015-03-12,105.0,"[""Romance"",""Fantasy"",""Family"",""Drama""]","[""Walt Disney Pictures"",""Genre Films"",""Beagle Pug Films"",""Allison Shearmur Productions""]","[""United Kingdom"",""United States of America""]","[""English""]",,19.801128,6.7,2426,6.6449,95000000,543514353,"When her father unexpectedly passes away, young Ella finds herself at the mercy of her cruel stepmother and her daughters. Never one to give up hope, Ella's fortunes begin to change after meeting a dashing stranger in the woods.",Midnight is just the beginning.,Released,en,False,False,"[""cinderella"",""magic"",""prince"",""fairy tale"",""kingdom"",""royalty"",""orphan"",""lost shoe"",""evil stepmother"",""retelling""]",True
151960,tt1691917,Planes,Planes,2013,2013-08-09,91.0,"[""Animation"",""Family"",""Adventure"",""Comedy""]","[""Walt Disney Pictures"",""Walt Disney Animation Studios""]","[""United States of America""]","[""English""]",Planes Collection,11.604181,5.7,568,5.8725,50000000,219788712,"Dusty is a cropdusting plane who dreams of competing in a famous aerial race. The problem? He is hopelessly afraid of heights. With the support of his mentor Skipper and a host of new friends, Dusty sets off to make his dreams come true.",From above the world of Cars,Released,en,False,False,"[""crop duster"",""fighter jet"",""anthropomorphism""]",False
158852,tt1964418,Tomorrowland,Tomorrowland,2015,2015-05-19,130.0,"[""Adventure"",""Family"",""Mystery"",""Science Fiction""]","[""Walt Disney Pictures"",""Babieka"",""A113""]","[""United States of America""]","[""English""]",,22.296076,6.2,2904,6.1999,190000000,209154322,"Bound by a shared destiny, a bright, optimistic teen bursting with scientific curiosity and a former boy-genius inventor jaded by disillusionment embark on a danger-filled mission to unearth the secrets of an enigmatic place somewhere in time and space that exists in their collective memory as ""Tomorrowland.""",Imagine a world where nothing is impossible.,Released,en,False,False,"[""inventor"",""apocalypse"",""destiny"",""imax"",""dreamer"",""futuristic car"",""futuristic city""]",True
166426,tt1790809,Pirates of the Caribbean: Dead Men Tell No Tales,Pirates of the Caribbean: Dead Men Tell No Tales,2017,2017-05-23,129.0,"[""Adventure"",""Action"",""Fantasy"",""Comedy""]","[""Walt Disney Pictures"",""Jerry Bruckheimer Films"",""Infinitum Nihil"",""Moving Picture Company (MPC)""]","[""United States of America""]","[""English""]",Pirates of the Caribbean Collection,133.82782,6.6,2814,6.5614,230000000,794191988,"Thrust into an all-new paycheck, a down-on-his-luck Capt. Jack Sparrow feels the winds of ill-fortune blowing even more strongly when deadly ghost sailors led by his old nemesis, the evil Capt. Salazar, escape from the Devil's Triangle. Jack's only hope of a payout lies in seeking out the legendary Trident of Numbers, but to find it, he must forge an uneasy alliance with a reasonably intelligent and pretty astronomer and a irritating young man in the British navy.",,Released,en,False,False,"[""sea"",""ship"",""sequel"",""artifact"",""treasure map"",""pirate"",""period drama"",""monkey"",""swashbuckler"",""ghost"",""caribbean"",""trident""]",False
177572,tt2245084,Big Hero 6,Big Hero 6,2014,2014-10-24,102.0,"[""Adventure"",""Family"",""Animation"",""Action"",""Comedy""]","[""Walt Disney Pictures"",""Walt Disney Animation Studios""]","[""United States of America""]","[""English""]",,213.849907,7.8,6289,7.7271,165000000,652105443,"The special bond that develops between plus-sized inflatable robot Baymax, and prodigy Hiro Hamada, who team up with a group of friends to form a band of high-tech heroes.",From the creators of Wreck-it Ralph and Frozen,Released,en,False,False,"[""brother brother relationship"",""hero"",""talent"",""revenge"",""best friend"",""another dimension"",""robot"",""boy genius"",""hate"",""aftercreditsstinger"",""moral dilemma"",""3d"",""teen superheroes"",""dead brother""]",True
198185,tt1647668,Million Dollar Arm,Million Dollar Arm,2014,2014-05-09,124.0,"[""Drama""]","[""Walt Disney Pictures""]","[""United States of America""]","[""हिन्दी"",""English""]",,9.453942,6.6,264,6.3868,25000000,38307627,"In a last-ditch effort to save his career, sports agent JB Bernstein (Jon Hamm) dreams up a wild game plan to find Major League Baseball’s next great pitcher from a pool of cricket players in India. He soon discovers two young men who can throw a fastball but know nothing about the game of baseball. Or America. It’s an incredible and touching journey that will change them all — especially JB, who learns valuable lessons about teamwork, commitment and family.","Sometimes to win, sometimes you have to change the game",Released,en,False,False,"[""baseball"",""sport"",""duringcreditsstinger""]",False
218778,tt1698641,"Alexander and the Terrible, Horrible, No Good, Very Bad Day","Alexander and the Terrible, Horrible, No Good, Very Bad Day",2014,2014-10-08,81.0,"[""Family"",""Comedy""]","[""Walt Disney Pictures"",""21 Laps Entertainment"",""Jim Henson Company, The""]","[""United States of America""]","[""English""]",,7.861004,6.1,502,6.1371,28000000,100654149,"Alexander's day begins with gum stuck in his hair, followed by more calamities. Though he finds little sympathy from his family and begins to wonder if bad things only happen to him, his mom, dad, brother, and sister all find themselves living through their own terrible, horrible, no good, very bad day.",One day can change everything.,Released,en,False,False,"[""based on novel"",""job interview"",""bad luck"",""wish"",""one day"",""based on children's book"",""driver's test""]",False
218836,tt2980706,Planes: Fire & Rescue,Planes: Fire & Rescue,2014,2014-07-17,83.0,"[""Animation"",""Comedy"",""Adventure"",""Family""]","[""Walt Disney Pictures"",""DisneyToon Studios"",""Prana Studios"",""Prana Animation Studios""]","[""United States of America""]","[""English""]",Planes Collection,7.579855,5.8,286,6.0043,50000000,151165787,"When world-famous air racer Dusty learns that his engine is damaged and he may never race again, he must shift gears and is launched into the world of aerial firefighting. Dusty joins forces with veteran fire and rescue helicopter Blade Ranger and his team, a bunch of all-terrain vehicles known as The Smokejumpers. Together, the fearless team battles a massive wildfire, and Dusty learns what it takes to become a true hero.","When others fly out, heroes fly in.",Released,en,False,False,"[""firemen"",""national park"",""sequel"",""anthropomorphism""]",True
224141,tt2180411,Into the Woods,Into the Woods,2014,2014-12-25,125.0,"[""Fantasy"",""Comedy"",""Music""]","[""Walt Disney Pictures"",""Marc Platt Productions"",""Lucamar Productions""]","[""United States of America""]","[""English""]",,9.580785,5.6,1688,5.6904,50000000,212902372,"In a woods filled with magic and fairy tale characters, a baker and his wife set out to end the curse put on them by their neighbor, a spiteful witch.",Be careful what you wish for...,Released,en,False,False,"[""witch"",""cinderella"",""prince"",""fairy tale"",""musical"",""princess"",""based on play or musical"",""sondheim"",""curse"",""beanstalk"",""duringcreditsstinger"",""red riding hood""]",True
228203,tt2097298,"McFarland, USA","McFarland, USA",2015,2015-02-20,128.0,"[""Drama""]","[""Walt Disney Pictures"",""Mayhem Pictures""]","[""United States of America""]","[""English"",""Italiano""]",,6.894606,7.4,216,6.7018,0,45710059,A track coach in a small California town transforms a team of athletes into championship contenders.,Champions Can Come From Anywhere.,Released,en,False,False,"[""california"",""small town"",""coach"",""championship"",""woman director"",""track and field""]",False
241259,tt2567026,Alice Through the Looking Glass,Alice Through the Looking Glass,2016,2016-05-25,113.0,"[""Family"",""Fantasy""]","[""Walt Disney Pictures"",""Team Todd"",""Tim Burton Productions"",""Roth Films"",""Legend3D""]","[""United Kingdom"",""United States of America""]","[""English""]",Alice in Wonderland Collection,14.61608,6.5,1782,6.4567,170000000,299370084,"In the sequel to Tim Burton's ""Alice in Wonderland"", Alice Kingsleigh returns to Underland and faces a new adventure in saving the Mad Hatter.",It's time for a little madness.,Released,en,False,False,"[""based on novel"",""clock"",""queen"",""sequel"",""alice in wonderland"",""dark fantasy"",""mad hatter"",""3d""]",True
253353,tt1127884,Hannah Montana & Miley Cyrus: Best of Both Worlds Concert,Hannah Montana & Miley Cyrus: Best of Both Worlds Concert,2008,2008-02-01,82.0,"[""Documentary"",""Music""]","[""Walt Disney Pictures""]","[""United States of America""]","[""English""]",,1.949504,5.7,23,6.1636,0,0,"In this concert film, 'Hannah Montana' star Miley Cyrus performs a slew of hit songs, including 'Just Like You' and 'Life's What You Make It.'",,Released,en,False,False,"[""music concert""]",False
260514,tt3606752,Cars 3,Cars 3,2017,2017-06-15,109.0,"[""Family"",""Comedy"",""Animation"",""Adventure""]","[""Walt Disney Pictures"",""Pixar Animation Studios""]","[""United States of America""]","[""English""]",Cars Collection,19.148182,6.6,718,6.4819,175000000,350170057,"Blindsided by a new generation of blazing-fast racers, the legendary Lightning McQueen is suddenly pushed out of the sport he loves. To get back in the game, he will need the help of an eager young race technician with her own plan to win, inspiration from the late Fabulous Hudson Hornet, and a few unexpected turns. Proving that #95 isn't through yet will test the heart of a champion on Piston Cup Racing’s biggest stage!","From this moment, everything will change",Released,en,False,False,"[""cgi"",""anthropomorphism""]",False
267935,tt3691740,The BFG,The BFG,2016,2016-06-01,120.0,"[""Adventure"",""Family"",""Fantasy""]","[""Walt Disney Pictures"",""Amblin Entertainment"",""Reliance Entertainment"",""Kennedy/Marshall Company, The"",""Walden Media""]","[""India"",""United States of America""]","[""English""]",,18.769476,6.0,1026,6.0451,140000000,183345589,"The BFG is no ordinary bone-crunching giant. He is far too nice and jumbly. It's lucky for Sophie that he is. Had she been carried off in the middle of the night by the Bloodbottler, or any of the other giants—rather than the BFG—she would have soon become breakfast. When Sophie hears that the giants are flush-bunking off to England to swollomp a few nice little chiddlers, she decides she must stop them once and for all. And the BFG is going to help her!",The world is more giant than you can imagine.,Released,en,False,False,"[""london england"",""england"",""based on novel"",""queen"",""little girl"",""orphan"",""cannibal"",""giant"",""evil brother""]",False
269149,tt2948356,Zootopia,Zootopia,2016,2016-02-11,108.0,"[""Animation"",""Adventure"",""Family"",""Comedy""]","[""Walt Disney Pictures"",""Walt Disney Animation Studios""]","[""United States of America""]","[""English""]",,26.024868,7.7,4961,7.6144,150000000,1023784195,"Determined to prove herself, Officer Judy Hopps, the first bunny on Zootopia's police force, jumps at the chance to crack her first case - even if it means partnering with scam-artist fox Nick Wilde to solve the mystery.",Welcome to the urban jungle.,Released,en,False,False,"[""fox"",""prejudice"",""conspiracy"",""urban"",""female protagonist"",""anthropomorphism"",""rabbit"",""rookie cop"",""missing person"",""injustice"",""stereotype"",""discrimination"",""3d"",""animals""]",True
277834,tt3521164,Moana,Moana,2016,2016-11-23,107.0,"[""Adventure"",""Animation"",""Family""]","[""Walt Disney Pictures"",""Walt Disney Animation Studios""]","[""United States of America""]","[""English""]",,9.143457,7.3,3471,7.2124,150000000,643034466,"In Ancient Polynesia, when a terrible curse incurred by Maui reaches an impetuous Chieftain's daughter's island, she answers the Ocean's call to seek out the demigod to set things right.",The ocean is calling.,Released,en,False,False,"[""ocean"",""sailboat"",""mythology"",""island"",""musical"",""animation"",""curse"",""young girl"",""sailor"",""aftercreditsstinger"",""demigod"",""polynesia"",""voyage"",""pacific  ocean"",""quest"",""maui"",""animal sidekick""]",True
278927,tt3040964,The Jungle Book,The Jungle Book,2016,2016-04-07,106.0,"[""Family"",""Adventure"",""Drama"",""Fantasy""]","[""Walt Disney Pictures"",""Walt Disney Studios Motion Pictures"",""Fairview Entertainment"",""Moving Picture Company (MPC)""]","[""United Kingdom"",""United States of America""]","[""English""]",,17.432758,6.7,2977,6.6541,175000000,966550600,"After a threat from the tiger Shere Khan forces him to flee the jungle, a man-cub named Mowgli embarks on a journey of self discovery with the help of panther, Bagheera, and free spirited bear, Baloo.",,Released,en,False,False,"[""based on novel"",""snake"",""wolf"",""elephant"",""tiger"",""feral child"",""panther"",""remake"",""bear"",""jungle"",""talking animal"",""orphan"",""animal"",""talking to animals""]",True
283995,tt3896198,Guardians of the Galaxy Vol. 2,Guardians of the Galaxy Vol. 2,2017,2017-04-19,137.0,"[""Action"",""Adventure"",""Comedy"",""Science Fiction""]","[""Walt Disney Pictures"",""Marvel Studios""]","[""United States of America""]","[""English""]",Guardians of the Galaxy Collection,185.330992,7.6,4858,7.5185,200000000,863416141,The Guardians must fight to keep their newfound family together as they unravel the mysteries of Peter Quill's true parentage.,Obviously.,Released,en,False,False,"[""sequel"",""superhero"",""based on comic"",""misfit"",""space"",""outer space"",""aftercreditsstinger"",""duringcreditsstinger""]",False
284052,tt1211837,Doctor Strange,Doctor Strange,2016,2016-10-25,115.0,"[""Action"",""Adventure"",""Fantasy"",""Science Fiction""]","[""Walt Disney Pictures"",""Marvel Studios""]","[""United States of America""]","[""English""]",,43.847654,7.1,5880,7.0563,165000000,677718395,"After his career is destroyed, a brilliant but arrogant surgeon gets a new lease on life when a sorcerer takes him under his wing and trains him to defend the world against evil.",Open your mind. Change your reality.,Released,en,False,False,"[""magic"",""marvel comic"",""superhero"",""based on comic"",""sorcerer"",""doctor"",""neurosurgeon"",""wizard"",""aftercreditsstinger"",""duringcreditsstinger"",""marvel cinematic universe""]",True
291157,tt3554418,Khoobsurat,Khoobsurat,2014,2014-09-19,131.0,"[""Comedy"",""Romance""]","[""Walt Disney Pictures"",""UTV Motion Pictures"",""Anil Kapoor Film Company""]","[""India""]","[""हिन्दी""]",,1.61641,6.6,44,6.2504,0,0,"A vibrant, hopelessly romantic physiotherapist meets a handsome young Rajput prince who is the complete opposite of her – and is engaged to someone else.",,Released,hi,False,False,[],True
294272,tt2788732,Pete's Dragon,Pete's Dragon,2016,2016-08-10,102.0,"[""Adventure"",""Family"",""Fantasy""]","[""Walt Disney Pictures"",""Walt Disney Studios Motion Pictures""]","[""United States of America""]","[""English""]",,12.189941,6.2,697,6.1997,65000000,143695338,"Pete is a mysterious 10-year-old with no family and no home who claims to live in the woods with a giant, green dragon named Elliott. With the help of Natalie, an 11-year-old girl whose father Jack owns the local lumber mill, forest ranger Grace sets out to determine where Pete came from, where he belongs, and the truth about this dragon.",Some secrets are too big to keep.,Released,en,False,False,"[""feral child"",""remake"",""dragon"",""orphan"",""1980s"",""live action and animation""]",False
297270,tt3120408,Tinker Bell and the Legend of the NeverBeast,Tinker Bell and the Legend of the NeverBeast,2014,2014-12-12,77.0,"[""Adventure"",""Animation"",""Family""]","[""Walt Disney Pictures""]","[""United States of America""]","[""English""]",Tinker Bell Collection,8.106333,7.0,270,6.5785,0,0,"An ancient myth of a massive creature sparks the curiosity of Tinker Bell and her good friend Fawn, an animal fairy who’s not afraid to break the rules to help an animal in need. But this creature is not welcome in Pixie Hollow — and the scout fairies are determined to capture the mysterious beast, who they fear will destroy their home. Fawn must convince her fairy friends to risk everything to rescue the NeverBeast.",,Released,en,False,False,"[""fairy"",""fairy tale"",""tinkerbell""]",False
300673,tt2025690,The Finest Hours,The Finest Hours,2016,2016-01-25,114.0,"[""Action"",""Drama"",""History"",""Thriller""]","[""Walt Disney Pictures"",""Whitaker Entertainment"",""Bergsten Music"",""Red Hawk Entertainment""]","[""United States of America""]","[""English""]",,10.385757,6.3,597,6.2663,80000000,52099090,The Coast Guard makes a daring rescue attempt off the coast of Cape Cod after a pair of oil tankers are destroyed during a blizzard in 1952.,"32 survivors, room for 12.",Released,en,False,False,"[""coast guard"",""based on true story"",""survival"",""rescue mission"",""storm at sea"",""sinking ship"",""1950s"",""3d""]",True
317557,tt4341582,Queen of Katwe,Queen of Katwe,2016,2016-09-23,124.0,"[""Drama""]","[""Walt Disney Pictures"",""Walt Disney Productions"",""ESPN films""]","[""United States of America"",""South Africa""]","[""English""]",,6.164561,7.1,103,6.4294,15000000,10367161,A young girl overcomes her disadvantaged upbringing in the slums of Uganda to become a Chess master.,,Released,en,False,False,"[""sport"",""woman director""]",False
321612,tt2771200,Beauty and the Beast,Beauty and the Beast,2017,2017-03-16,129.0,"[""Family"",""Fantasy"",""Romance""]","[""Walt Disney Pictures"",""Mandeville Films""]","[""United Kingdom"",""United States of America""]","[""English""]",,287.253654,6.8,5530,6.7691,160000000,1262886337,A live-action adaptation of Disney's version of the classic 'Beauty and the Beast' tale of a cursed prince and a beautiful young woman who helps him break the spell.,Be our guest.,Released,en,False,False,"[""france"",""magic"",""castle"",""fairy tale"",""musical"",""curse"",""anthropomorphism"",""creature"",""held captive"",""gothic"",""18th century"",""beast"",""3d""]",True
330459,tt3748528,Rogue One: A Star Wars Story,Rogue One: A Star Wars Story,2016,2016-12-14,133.0,"[""Action"",""Adventure"",""Science Fiction""]","[""Lucasfilm"",""Walt Disney Pictures"",""Allison Shearmur Productions"",""Black Hangar Studios"",""Stereo D""]","[""United States of America""]","[""English""]",Star Wars Collection,36.567575,7.4,5111,7.3334,200000000,1056057273,A rogue band of resistance fighters unite for a mission to steal the Death Star plans and bring a new hope to the galaxy.,A Rebellion Built on Hope,Released,en,False,False,"[""rebel"",""space battle"",""space travel"",""war"",""prequel"",""spaceship"",""space"",""alien"",""death star"",""jedi"",""rebellion"",""female protagonist"",""space western"",""gunfight"",""suicide mission"",""robot"",""spin off"",""laser gun"",""space opera"",""alien language"",""against the odds"",""blind man""]",True
360814,tt5074352,Dangal,दंगल,2016,2016-12-23,161.0,"[""Drama""]","[""Walt Disney Pictures"",""Aamir Khan Productions""]","[""India""]","[""हिन्दी""]",,8.792104,8.0,140,6.7722,10400000,310000000,"Dangal is an extraordinary true story based on the life of Mahavir Singh and his two daughters, Geeta and Babita Phogat. The film traces the inspirational journey of a father who trains his daughters to become world class wrestlers.",,Released,hi,False,False,"[""biography"",""wrestling"",""sport"",""autobiography""]",False
